ISO-10303-21;
HEADER;
FILE_DESCRIPTION (( 'STEP AP214' ),
    '1' );
FILE_NAME ('÷ßº‹.STEP',
    '2025-03-06T10:14:54',
    ( '' ),
    ( '' ),
    'SwSTEP 2.0',
    'SolidWorks 2024',
    '' );
FILE_SCHEMA (( 'AUTOMOTIVE_DESIGN' ));
ENDSEC;

DATA;
#1 = CARTESIAN_POINT ( 'NONE',  ( 15.19999999999999929, -14.00000000000000533, -15.00000000000000000 ) ) ;
#2 = ORIENTED_EDGE ( 'NONE', *, *, #1407, .F. ) ;
#3 = ORIENTED_EDGE ( 'NONE', *, *, #1401, .T. ) ;
#4 = LINE ( 'NONE', #2105, #278 ) ;
#5 = AXIS2_PLACEMENT_3D ( 'NONE', #2168, #631, #1810 ) ;
#6 = VECTOR ( 'NONE', #309, 1000.000000000000000 ) ;
#7 = DIRECTION ( 'NONE',  ( 0.000000000000000000, 0.000000000000000000, -1.000000000000000000 ) ) ;
#8 = CARTESIAN_POINT ( 'NONE',  ( 11.00000000000000355, -0.1000000000000028644, -15.00000000000000000 ) ) ;
#9 = ORIENTED_EDGE ( 'NONE', *, *, #816, .F. ) ;
#10 = CARTESIAN_POINT ( 'NONE',  ( 17.00000000000000000, -0.1000000000000062644, 18.00000000000000000 ) ) ;
#11 = DIRECTION ( 'NONE',  ( 1.000000000000000000, -0.000000000000000000, -0.000000000000000000 ) ) ;
#12 = ADVANCED_FACE ( 'NONE', ( #1508, #196, #2456 ), #786, .F. ) ;
#13 = AXIS2_PLACEMENT_3D ( 'NONE', #317, #1856, #1103 ) ;
#14 = CARTESIAN_POINT ( 'NONE',  ( 12.80000000000000249, -5.999999999999998224, 7.999999999999998224 ) ) ;
#15 = ORIENTED_EDGE ( 'NONE', *, *, #1152, .T. ) ;
#16 = EDGE_CURVE ( 'NONE', #476, #1869, #755, .T. ) ;
#17 = CARTESIAN_POINT ( 'NONE',  ( -17.00000000000000000, -17.00000000000000000, -18.00000000000000000 ) ) ;
#18 = CARTESIAN_POINT ( 'NONE',  ( 0.000000000000000000, 0.000000000000000000, -13.39999999999999858 ) ) ;
#19 = EDGE_CURVE ( 'NONE', #1172, #1601, #2075, .T. ) ;
#20 = DIRECTION ( 'NONE',  ( 0.000000000000000000, 1.000000000000000000, 0.000000000000000000 ) ) ;
#21 = DIRECTION ( 'NONE',  ( 0.000000000000000000, 0.000000000000000000, 1.000000000000000000 ) ) ;
#22 = EDGE_LOOP ( 'NONE', ( #808, #1249, #1934, #2244 ) ) ;
#23 = DIRECTION ( 'NONE',  ( 0.000000000000000000, 0.000000000000000000, 1.000000000000000000 ) ) ;
#24 = LINE ( 'NONE', #781, #280 ) ;
#25 = ADVANCED_BREP_SHAPE_REPRESENTATION ( '\X2\652f67b6\X0\', ( #2187, #1240 ), #2115 ) ;
#26 = DIRECTION ( 'NONE',  ( -1.000000000000000000, 0.000000000000000000, 0.000000000000000000 ) ) ;
#27 = ORIENTED_EDGE ( 'NONE', *, *, #1220, .T. ) ;
#28 = PLANE ( 'NONE',  #908 ) ;
#29 = DIRECTION ( 'NONE',  ( 1.000000000000000000, 0.000000000000000000, 0.000000000000000000 ) ) ;
#30 = EDGE_CURVE ( 'NONE', #2443, #564, #924, .T. ) ;
#31 = DIRECTION ( 'NONE',  ( 0.000000000000000000, 0.000000000000000000, -1.000000000000000000 ) ) ;
#32 = FACE_OUTER_BOUND ( 'NONE', #283, .T. ) ;
#33 = PLANE ( 'NONE',  #840 ) ;
#34 = PLANE ( 'NONE',  #1032 ) ;
#35 = EDGE_CURVE ( 'NONE', #1060, #432, #175, .T. ) ;
#36 = CIRCLE ( 'NONE', #2262, 1.199999999999999734 ) ;
#37 = ORIENTED_EDGE ( 'NONE', *, *, #815, .F. ) ;
#38 = AXIS2_PLACEMENT_3D ( 'NONE', #1773, #2322, #614 ) ;
#39 = AXIS2_PLACEMENT_3D ( 'NONE', #1815, #860, #2377 ) ;
#40 = CARTESIAN_POINT ( 'NONE',  ( 17.00000000000000000, -0.1000000000000000056, 14.90000000000000036 ) ) ;
#41 = EDGE_CURVE ( 'NONE', #478, #957, #1496, .T. ) ;
#42 = DIRECTION ( 'NONE',  ( 1.000000000000000000, 0.000000000000000000, 0.000000000000000000 ) ) ;
#43 = ORIENTED_EDGE ( 'NONE', *, *, #641, .T. ) ;
#44 = CARTESIAN_POINT ( 'NONE',  ( 12.80000000000000071, -14.00000000000000533, -7.999999999999998224 ) ) ;
#45 = AXIS2_PLACEMENT_3D ( 'NONE', #646, #123, #931 ) ;
#46 = DIRECTION ( 'NONE',  ( 1.000000000000000000, -0.000000000000000000, -0.000000000000000000 ) ) ;
#47 = FACE_OUTER_BOUND ( 'NONE', #811, .T. ) ;
#48 = AXIS2_PLACEMENT_3D ( 'NONE', #150, #1603, #1206 ) ;
#49 = CARTESIAN_POINT ( 'NONE',  ( 17.00000000000000000, -16.99999999999999289, -15.00000000000000000 ) ) ;
#50 = EDGE_LOOP ( 'NONE', ( #1984, #462 ) ) ;
#51 = EDGE_CURVE ( 'NONE', #2327, #2003, #2430, .T. ) ;
#52 = CIRCLE ( 'NONE', #1039, 1.199999999999999734 ) ;
#53 = ORIENTED_EDGE ( 'NONE', *, *, #740, .F. ) ;
#54 = PLANE ( 'NONE',  #79 ) ;
#55 = LINE ( 'NONE', #1736, #333 ) ;
#56 = ORIENTED_EDGE ( 'NONE', *, *, #1639, .T. ) ;
#57 = PLANE ( 'NONE',  #997 ) ;
#58 = CARTESIAN_POINT ( 'NONE',  ( 11.00000000000000178, -16.99999999999999289, -15.00000000000000000 ) ) ;
#59 = FACE_OUTER_BOUND ( 'NONE', #340, .T. ) ;
#60 = VERTEX_POINT ( 'NONE', #1175 ) ;
#61 = EDGE_CURVE ( 'NONE', #2327, #1078, #962, .T. ) ;
#62 = DIRECTION ( 'NONE',  ( -1.000000000000000000, 0.000000000000000000, 0.000000000000000000 ) ) ;
#63 = ADVANCED_FACE ( 'NONE', ( #235 ), #766, .F. ) ;
#64 = VERTEX_POINT ( 'NONE', #2127 ) ;
#65 = DIRECTION ( 'NONE',  ( 0.000000000000000000, 0.000000000000000000, 1.000000000000000000 ) ) ;
#66 = DIRECTION ( 'NONE',  ( -1.000000000000000000, 0.000000000000000000, 0.000000000000000000 ) ) ;
#67 = ADVANCED_FACE ( 'NONE', ( #1367 ), #1184, .F. ) ;
#68 = VECTOR ( 'NONE', #1752, 1000.000000000000000 ) ;
#69 = DIRECTION ( 'NONE',  ( 0.000000000000000000, 0.000000000000000000, -1.000000000000000000 ) ) ;
#70 = LINE ( 'NONE', #850, #1781 ) ;
#71 = SURFACE_STYLE_USAGE ( .BOTH. , #1782 ) ;
#72 = EDGE_CURVE ( 'NONE', #1785, #1383, #52, .T. ) ;
#73 = ORIENTED_EDGE ( 'NONE', *, *, #1473, .F. ) ;
#74 = CARTESIAN_POINT ( 'NONE',  ( -15.20000000000000284, -14.00000000000000533, -15.00000000000000000 ) ) ;
#75 = VERTEX_POINT ( 'NONE', #379 ) ;
#76 = AXIS2_PLACEMENT_3D ( 'NONE', #563, #1514, #2062 ) ;
#77 = VECTOR ( 'NONE', #1413, 1000.000000000000000 ) ;
#78 = DIRECTION ( 'NONE',  ( -0.000000000000000000, -1.000000000000000000, -0.000000000000000000 ) ) ;
#79 = AXIS2_PLACEMENT_3D ( 'NONE', #620, #1182, #1017 ) ;
#80 = DIRECTION ( 'NONE',  ( 1.020425574104004246E-16, 1.000000000000000000, 6.123233995736766036E-17 ) ) ;
#81 = DIRECTION ( 'NONE',  ( -1.020425574104004246E-16, -1.000000000000000000, 6.123233995736766036E-17 ) ) ;
#82 = AXIS2_PLACEMENT_3D ( 'NONE', #918, #263, #1860 ) ;
#83 = VECTOR ( 'NONE', #1545, 1000.000000000000000 ) ;
#84 = CYLINDRICAL_SURFACE ( 'NONE', #712, 1.199999999999999734 ) ;
#85 = CARTESIAN_POINT ( 'NONE',  ( -11.00000000000000178, -16.99999999999999289, -20.86697645467206641 ) ) ;
#86 = VECTOR ( 'NONE', #191, 1000.000000000000000 ) ;
#87 = ORIENTED_EDGE ( 'NONE', *, *, #1742, .F. ) ;
#88 = ADVANCED_FACE ( 'NONE', ( #213 ), #937, .T. ) ;
#89 = CARTESIAN_POINT ( 'NONE',  ( 14.00000000000000178, -5.999999999999998224, 18.00000000000000000 ) ) ;
#90 = EDGE_LOOP ( 'NONE', ( #2253, #1371, #1829, #1527 ) ) ;
#91 = VECTOR ( 'NONE', #1908, 1000.000000000000000 ) ;
#92 = FACE_OUTER_BOUND ( 'NONE', #1000, .T. ) ;
#93 = CARTESIAN_POINT ( 'NONE',  ( 11.00000000000000355, 0.000000000000000000, 0.000000000000000000 ) ) ;
#94 = CARTESIAN_POINT ( 'NONE',  ( -11.00000000000000355, -0.000000000000000000, 0.000000000000000000 ) ) ;
#95 = EDGE_CURVE ( 'NONE', #1609, #64, #579, .T. ) ;
#96 = DIRECTION ( 'NONE',  ( 1.000000000000000000, 0.000000000000000000, 0.000000000000000000 ) ) ;
#97 = EDGE_CURVE ( 'NONE', #1223, #1406, #686, .T. ) ;
#98 = CARTESIAN_POINT ( 'NONE',  ( -11.00000000000000178, -16.99999999999999289, -20.86697645467206641 ) ) ;
#99 = VERTEX_POINT ( 'NONE', #777 ) ;
#100 = PLANE ( 'NONE',  #948 ) ;
#101 = EDGE_LOOP ( 'NONE', ( #2452, #2266, #2169, #758 ) ) ;
#102 = CARTESIAN_POINT ( 'NONE',  ( -11.00000000000000178, -17.00000000000000000, 14.99999999999999822 ) ) ;
#103 = ORIENTED_EDGE ( 'NONE', *, *, #1529, .T. ) ;
#104 = DIRECTION ( 'NONE',  ( -6.902245402481592454E-16, 0.000000000000000000, 1.000000000000000000 ) ) ;
#105 = CARTESIAN_POINT ( 'NONE',  ( -17.00000000000000000, -16.99999999999999289, -20.86697645467206641 ) ) ;
#106 = ORIENTED_EDGE ( 'NONE', *, *, #718, .F. ) ;
#107 = DIRECTION ( 'NONE',  ( -1.000000000000000000, 0.000000000000000000, 0.000000000000000000 ) ) ;
#108 = DIRECTION ( 'NONE',  ( -0.000000000000000000, 1.000000000000000000, -0.000000000000000000 ) ) ;
#109 = DIRECTION ( 'NONE',  ( 0.000000000000000000, 0.000000000000000000, -1.000000000000000000 ) ) ;
#110 = VERTEX_POINT ( 'NONE', #1684 ) ;
#111 = CARTESIAN_POINT ( 'NONE',  ( -17.00000000000000000, -0.1000000000000000056, -14.90000000000000036 ) ) ;
#112 = ORIENTED_EDGE ( 'NONE', *, *, #2008, .F. ) ;
#113 = CARTESIAN_POINT ( 'NONE',  ( 17.00000000000000000, -99.03534722511957966, -14.90000000000000036 ) ) ;
#114 = ORIENTED_EDGE ( 'NONE', *, *, #116, .F. ) ;
#115 = CARTESIAN_POINT ( 'NONE',  ( 14.00000000000039613, -7.000000000000000000, -1.750000000000704325 ) ) ;
#116 = EDGE_CURVE ( 'NONE', #2387, #1820, #1665, .T. ) ;
#117 = AXIS2_PLACEMENT_3D ( 'NONE', #1947, #253, #262 ) ;
#118 = PLANE ( 'NONE',  #1966 ) ;
#119 = CARTESIAN_POINT ( 'NONE',  ( 11.00000000000000355, 2.999999999999999556, -14.90000000000000036 ) ) ;
#120 = ORIENTED_EDGE ( 'NONE', *, *, #176, .F. ) ;
#121 = FACE_OUTER_BOUND ( 'NONE', #1718, .T. ) ;
#122 = ADVANCED_FACE ( 'NONE', ( #2315 ), #2162, .F. ) ;
#123 = DIRECTION ( 'NONE',  ( 1.000000000000000000, 0.000000000000000000, 0.000000000000000000 ) ) ;
#124 = AXIS2_PLACEMENT_3D ( 'NONE', #737, #1819, #1248 ) ;
#125 = EDGE_CURVE ( 'NONE', #393, #2445, #1036, .T. ) ;
#126 = ORIENTED_EDGE ( 'NONE', *, *, #97, .T. ) ;
#127 = LINE ( 'NONE', #878, #2299 ) ;
#128 = ORIENTED_EDGE ( 'NONE', *, *, #1548, .F. ) ;
#129 = CARTESIAN_POINT ( 'NONE',  ( -17.00000000000000000, -17.00000000000000000, 18.00000000000000000 ) ) ;
#130 =( GEOMETRIC_REPRESENTATION_CONTEXT ( 3 ) GLOBAL_UNCERTAINTY_ASSIGNED_CONTEXT ( ( #986 ) ) GLOBAL_UNIT_ASSIGNED_CONTEXT ( ( #1238, #2300, #1055 ) ) REPRESENTATION_CONTEXT ( 'NONE', 'WORKASPACE' ) );
#131 = ORIENTED_EDGE ( 'NONE', *, *, #274, .T. ) ;
#132 = ORIENTED_EDGE ( 'NONE', *, *, #1198, .F. ) ;
#133 = DIRECTION ( 'NONE',  ( -0.000000000000000000, -0.000000000000000000, -1.000000000000000000 ) ) ;
#134 = VERTEX_POINT ( 'NONE', #1391 ) ;
#135 = DIRECTION ( 'NONE',  ( 0.000000000000000000, 0.000000000000000000, -1.000000000000000000 ) ) ;
#136 = LINE ( 'NONE', #888, #436 ) ;
#137 = ORIENTED_EDGE ( 'NONE', *, *, #941, .F. ) ;
#138 = EDGE_CURVE ( 'NONE', #1851, #904, #1989, .T. ) ;
#139 = LINE ( 'NONE', #710, #594 ) ;
#140 = ORIENTED_EDGE ( 'NONE', *, *, #226, .T. ) ;
#141 = CARTESIAN_POINT ( 'NONE',  ( -11.00000000000001066, -0.1000000000000000056, -14.90000000000000036 ) ) ;
#142 = ORIENTED_EDGE ( 'NONE', *, *, #568, .T. ) ;
#143 = ORIENTED_EDGE ( 'NONE', *, *, #1137, .F. ) ;
#144 = DIRECTION ( 'NONE',  ( 0.000000000000000000, 0.000000000000000000, 1.000000000000000000 ) ) ;
#145 = EDGE_LOOP ( 'NONE', ( #1835, #2279, #1656, #1490 ) ) ;
#146 = PLANE ( 'NONE',  #1832 ) ;
#147 = VECTOR ( 'NONE', #2361, 1000.000000000000000 ) ;
#148 = DIRECTION ( 'NONE',  ( -1.020425574104004122E-16, -1.000000000000000000, 0.000000000000000000 ) ) ;
#149 = EDGE_CURVE ( 'NONE', #1246, #1974, #1538, .T. ) ;
#150 = CARTESIAN_POINT ( 'NONE',  ( 11.00000000000000355, -99.03534722511957966, -18.00000000000000000 ) ) ;
#151 = ORIENTED_EDGE ( 'NONE', *, *, #589, .F. ) ;
#152 = DIRECTION ( 'NONE',  ( 0.000000000000000000, 0.000000000000000000, 1.000000000000000000 ) ) ;
#153 = ORIENTED_EDGE ( 'NONE', *, *, #1552, .F. ) ;
#154 = ORIENTED_EDGE ( 'NONE', *, *, #1128, .T. ) ;
#155 = EDGE_CURVE ( 'NONE', #2220, #1328, #858, .T. ) ;
#156 = FACE_BOUND ( 'NONE', #1701, .T. ) ;
#157 = ORIENTED_EDGE ( 'NONE', *, *, #763, .T. ) ;
#158 = AXIS2_PLACEMENT_3D ( 'NONE', #2226, #2383, #1264 ) ;
#159 = CARTESIAN_POINT ( 'NONE',  ( -11.00000000000000355, 0.000000000000000000, 14.90000000000000036 ) ) ;
#160 = ORIENTED_EDGE ( 'NONE', *, *, #2151, .F. ) ;
#161 = FACE_OUTER_BOUND ( 'NONE', #1147, .T. ) ;
#162 = ORIENTED_EDGE ( 'NONE', *, *, #197, .F. ) ;
#163 = CIRCLE ( 'NONE', #2221, 1.199999999999999734 ) ;
#164 = CIRCLE ( 'NONE', #205, 1.750000000000849765 ) ;
#165 = LINE ( 'NONE', #917, #1269 ) ;
#166 = DIRECTION ( 'NONE',  ( 0.000000000000000000, 0.000000000000000000, -1.000000000000000000 ) ) ;
#167 = ORIENTED_EDGE ( 'NONE', *, *, #2252, .F. ) ;
#168 = EDGE_CURVE ( 'NONE', #2435, #2159, #920, .T. ) ;
#169 = LINE ( 'NONE', #1671, #1689 ) ;
#170 = ORIENTED_EDGE ( 'NONE', *, *, #2309, .T. ) ;
#171 = ORIENTED_EDGE ( 'NONE', *, *, #1401, .F. ) ;
#172 = CARTESIAN_POINT ( 'NONE',  ( -9.500000000000001776, 3.000000000000000000, 0.000000000000000000 ) ) ;
#173 = AXIS2_PLACEMENT_3D ( 'NONE', #1358, #2119, #1543 ) ;
#174 = EDGE_LOOP ( 'NONE', ( #126, #252, #1885, #120 ) ) ;
#175 = CIRCLE ( 'NONE', #1991, 1.749999999999999778 ) ;
#176 = EDGE_CURVE ( 'NONE', #1223, #1730, #1208, .T. ) ;
#177 = DIRECTION ( 'NONE',  ( 0.000000000000000000, 0.000000000000000000, 1.000000000000000000 ) ) ;
#178 = VERTEX_POINT ( 'NONE', #1963 ) ;
#179 = DIRECTION ( 'NONE',  ( 0.000000000000000000, -1.775381057445024239E-14, -1.000000000000000000 ) ) ;
#180 = EDGE_LOOP ( 'NONE', ( #489, #3, #784, #332 ) ) ;
#181 = LINE ( 'NONE', #1478, #6 ) ;
#182 = ORIENTED_EDGE ( 'NONE', *, *, #527, .T. ) ;
#183 = DIRECTION ( 'NONE',  ( 0.000000000000000000, -1.000000000000000000, 0.000000000000000000 ) ) ;
#184 = ORIENTED_EDGE ( 'NONE', *, *, #1526, .T. ) ;
#185 = VERTEX_POINT ( 'NONE', #2172 ) ;
#186 = CARTESIAN_POINT ( 'NONE',  ( 11.00000000000000178, -17.00000000000000000, 18.00000000000000000 ) ) ;
#187 = DIRECTION ( 'NONE',  ( 0.000000000000000000, 0.000000000000000000, -1.000000000000000000 ) ) ;
#188 = CARTESIAN_POINT ( 'NONE',  ( -17.00000000000000000, -16.99999999999999289, 20.86697645467206641 ) ) ;
#189 = VERTEX_POINT ( 'NONE', #1424 ) ;
#190 = CARTESIAN_POINT ( 'NONE',  ( 11.00000000000000355, -0.1000000000000000056, -14.90000000000000036 ) ) ;
#191 = DIRECTION ( 'NONE',  ( -0.000000000000000000, 1.000000000000000000, -0.000000000000000000 ) ) ;
#192 = DIRECTION ( 'NONE',  ( 0.000000000000000000, 0.000000000000000000, 1.000000000000000000 ) ) ;
#193 = EDGE_LOOP ( 'NONE', ( #401, #1662, #339, #1980 ) ) ;
#194 = ORIENTED_EDGE ( 'NONE', *, *, #1852, .F. ) ;
#195 = DIRECTION ( 'NONE',  ( 0.000000000000000000, 1.000000000000000000, 0.000000000000000000 ) ) ;
#196 = FACE_BOUND ( 'NONE', #2007, .T. ) ;
#197 = EDGE_CURVE ( 'NONE', #872, #2242, #2106, .T. ) ;
#198 = DIRECTION ( 'NONE',  ( 0.000000000000000000, 2.662415818724485620E-15, -1.000000000000000000 ) ) ;
#199 = ORIENTED_EDGE ( 'NONE', *, *, #1375, .T. ) ;
#200 = CARTESIAN_POINT ( 'NONE',  ( 0.000000000000000000, -7.000000000000000000, -14.00000000000000000 ) ) ;
#201 = AXIS2_PLACEMENT_3D ( 'NONE', #1987, #856, #690 ) ;
#202 = AXIS2_PLACEMENT_3D ( 'NONE', #2271, #21, #2282 ) ;
#203 = CARTESIAN_POINT ( 'NONE',  ( 14.00000000000039613, -7.000000000000000000, -3.953321737474466912E-13 ) ) ;
#204 = AXIS2_PLACEMENT_3D ( 'NONE', #403, #1319, #355 ) ;
#205 = AXIS2_PLACEMENT_3D ( 'NONE', #1440, #1608, #144 ) ;
#206 = EDGE_CURVE ( 'NONE', #695, #1288, #1121, .T. ) ;
#207 = ADVANCED_FACE ( 'NONE', ( #1751 ), #57, .F. ) ;
#208 = DIRECTION ( 'NONE',  ( -1.000000000000000000, 0.000000000000000000, 0.000000000000000000 ) ) ;
#209 = ORIENTED_EDGE ( 'NONE', *, *, #886, .F. ) ;
#210 = EDGE_LOOP ( 'NONE', ( #2255, #853, #250, #2267 ) ) ;
#211 = FACE_OUTER_BOUND ( 'NONE', #455, .T. ) ;
#212 = AXIS2_PLACEMENT_3D ( 'NONE', #1536, #217, #760 ) ;
#213 = FACE_OUTER_BOUND ( 'NONE', #851, .T. ) ;
#214 = CARTESIAN_POINT ( 'NONE',  ( 17.00000000000000000, -16.99999999999999289, 15.00000000000000000 ) ) ;
#215 = VERTEX_POINT ( 'NONE', #264 ) ;
#216 = DIRECTION ( 'NONE',  ( 0.000000000000000000, 0.000000000000000000, 1.000000000000000000 ) ) ;
#217 = DIRECTION ( 'NONE',  ( 0.000000000000000000, -1.000000000000000000, 0.000000000000000000 ) ) ;
#218 = VECTOR ( 'NONE', #1010, 1000.000000000000000 ) ;
#219 = CARTESIAN_POINT ( 'NONE',  ( 11.00000000000000355, 0.000000000000000000, -14.90000000000000036 ) ) ;
#220 = EDGE_CURVE ( 'NONE', #1950, #1803, #1376, .T. ) ;
#221 = VERTEX_POINT ( 'NONE', #1952 ) ;
#222 = CARTESIAN_POINT ( 'NONE',  ( -11.00000000000000178, -16.99999999999999289, -15.00000000000000000 ) ) ;
#223 = FACE_OUTER_BOUND ( 'NONE', #2258, .T. ) ;
#224 = DIRECTION ( 'NONE',  ( 0.000000000000000000, 0.000000000000000000, 1.000000000000000000 ) ) ;
#226 = EDGE_CURVE ( 'NONE', #185, #842, #255, .T. ) ;
#225 = FACE_OUTER_BOUND ( 'NONE', #717, .T. ) ;
#227 = CARTESIAN_POINT ( 'NONE',  ( 14.00000000000000000, -14.00000000000000533, 7.999999999999998224 ) ) ;
#228 = UNCERTAINTY_MEASURE_WITH_UNIT (LENGTH_MEASURE( 1.000000000000000082E-05 ), #556, 'distance_accuracy_value', 'NONE');
#229 = DIRECTION ( 'NONE',  ( -0.000000000000000000, 1.000000000000000000, -0.000000000000000000 ) ) ;
#230 = ADVANCED_FACE ( 'NONE', ( #819 ), #651, .T. ) ;
#231 = DIRECTION ( 'NONE',  ( -1.000000000000000000, 0.000000000000000000, 0.000000000000000000 ) ) ;
#232 = VERTEX_POINT ( 'NONE', #1579 ) ;
#233 = DIRECTION ( 'NONE',  ( 0.000000000000000000, 0.000000000000000000, 1.000000000000000000 ) ) ;
#234 = DIRECTION ( 'NONE',  ( 0.000000000000000000, 0.000000000000000000, -1.000000000000000000 ) ) ;
#235 = FACE_OUTER_BOUND ( 'NONE', #1031, .T. ) ;
#236 = CARTESIAN_POINT ( 'NONE',  ( 11.00000000000000178, -16.99999999999999289, -17.99999999999999645 ) ) ;
#237 = LINE ( 'NONE', #1141, #877 ) ;
#238 = LINE ( 'NONE', #749, #86 ) ;
#239 = VECTOR ( 'NONE', #1395, 1000.000000000000000 ) ;
#240 = ORIENTED_EDGE ( 'NONE', *, *, #660, .T. ) ;
#241 = VECTOR ( 'NONE', #392, 1000.000000000000000 ) ;
#242 = DIRECTION ( 'NONE',  ( 0.000000000000000000, 0.000000000000000000, 1.000000000000000000 ) ) ;
#243 = CARTESIAN_POINT ( 'NONE',  ( -14.00000000000000355, -14.00000000000000533, -7.999999999999998224 ) ) ;
#244 = CARTESIAN_POINT ( 'NONE',  ( 10.99999999999999645, -0.1000000000000000056, 14.90000000000000036 ) ) ;
#245 = VECTOR ( 'NONE', #1276, 1000.000000000000000 ) ;
#246 = CARTESIAN_POINT ( 'NONE',  ( 15.19999999999999929, -14.00000000000000533, 18.00000000000000000 ) ) ;
#247 = ADVANCED_FACE ( 'NONE', ( #1916 ), #1315, .F. ) ;
#248 = EDGE_CURVE ( 'NONE', #1172, #1974, #55, .T. ) ;
#249 = LINE ( 'NONE', #1965, #1863 ) ;
#250 = ORIENTED_EDGE ( 'NONE', *, *, #1742, .T. ) ;
#251 = CARTESIAN_POINT ( 'NONE',  ( 17.00000000000000000, -0.09999999999999939493, -14.99999999999999822 ) ) ;
#252 = ORIENTED_EDGE ( 'NONE', *, *, #893, .T. ) ;
#253 = DIRECTION ( 'NONE',  ( 0.000000000000000000, 1.000000000000000000, 0.000000000000000000 ) ) ;
#254 = VECTOR ( 'NONE', #1918, 1000.000000000000000 ) ;
#255 = LINE ( 'NONE', #1007, #1398 ) ;
#256 = ADVANCED_FACE ( 'NONE', ( #981 ), #2291, .T. ) ;
#257 = LINE ( 'NONE', #847, #77 ) ;
#258 = LINE ( 'NONE', #1794, #399 ) ;
#259 = ORIENTED_EDGE ( 'NONE', *, *, #1012, .T. ) ;
#260 = CARTESIAN_POINT ( 'NONE',  ( -12.80000000000000249, -5.999999999999998224, 15.00000000000000000 ) ) ;
#261 = ORIENTED_EDGE ( 'NONE', *, *, #1436, .T. ) ;
#262 = DIRECTION ( 'NONE',  ( 0.000000000000000000, 0.000000000000000000, 1.000000000000000000 ) ) ;
#263 = DIRECTION ( 'NONE',  ( 0.000000000000000000, 0.000000000000000000, 1.000000000000000000 ) ) ;
#264 = CARTESIAN_POINT ( 'NONE',  ( 17.00000000000000000, -0.1000000000000002137, 15.00000000000000000 ) ) ;
#265 = AXIS2_PLACEMENT_3D ( 'NONE', #730, #1838, #1061 ) ;
#266 = LINE ( 'NONE', #426, #1379 ) ;
#267 = SHAPE_DEFINITION_REPRESENTATION ( #642, #25 ) ;
#268 = EDGE_CURVE ( 'NONE', #695, #919, #1530, .T. ) ;
#269 = CARTESIAN_POINT ( 'NONE',  ( 17.00000000000000000, -17.00000000000000000, -18.00000000000000000 ) ) ;
#270 = CARTESIAN_POINT ( 'NONE',  ( 17.00000000000000000, 2.999999999999999556, 14.90000000000000036 ) ) ;
#271 = ORIENTED_EDGE ( 'NONE', *, *, #2068, .F. ) ;
#272 = FACE_OUTER_BOUND ( 'NONE', #1914, .T. ) ;
#273 = ORIENTED_EDGE ( 'NONE', *, *, #2425, .F. ) ;
#274 = EDGE_CURVE ( 'NONE', #1328, #1016, #2323, .T. ) ;
#275 = VECTOR ( 'NONE', #78, 1000.000000000000000 ) ;
#276 = ADVANCED_FACE ( 'NONE', ( #621 ), #1374, .F. ) ;
#277 = DIRECTION ( 'NONE',  ( -1.020425574104004246E-16, -1.000000000000000000, 0.000000000000000000 ) ) ;
#278 = VECTOR ( 'NONE', #542, 1000.000000000000000 ) ;
#279 = ORIENTED_EDGE ( 'NONE', *, *, #776, .T. ) ;
#280 = VECTOR ( 'NONE', #229, 1000.000000000000000 ) ;
#281 = DIRECTION ( 'NONE',  ( 0.000000000000000000, 0.000000000000000000, -1.000000000000000000 ) ) ;
#282 = DIRECTION ( 'NONE',  ( 0.000000000000000000, 0.000000000000000000, -1.000000000000000000 ) ) ;
#283 = EDGE_LOOP ( 'NONE', ( #1996, #522, #288, #747 ) ) ;
#284 = SURFACE_STYLE_FILL_AREA ( #862 ) ;
#285 = AXIS2_PLACEMENT_3D ( 'NONE', #2131, #1587, #62 ) ;
#286 = EDGE_LOOP ( 'NONE', ( #1867, #1207, #1041, #2078 ) ) ;
#287 = CARTESIAN_POINT ( 'NONE',  ( 11.00000000000000355, 3.000000000000000000, 14.90000000000000036 ) ) ;
#288 = ORIENTED_EDGE ( 'NONE', *, *, #2185, .F. ) ;
#289 = MECHANICAL_DESIGN_GEOMETRIC_PRESENTATION_REPRESENTATION (  '', ( #1792 ), #130 ) ;
#290 = EDGE_CURVE ( 'NONE', #215, #1140, #445, .T. ) ;
#291 = FACE_OUTER_BOUND ( 'NONE', #1925, .T. ) ;
#292 = LINE ( 'NONE', #93, #1945 ) ;
#293 = CARTESIAN_POINT ( 'NONE',  ( 7.908786606847440617E-13, -7.000000000000000000, 12.24999999999915090 ) ) ;
#294 = DIRECTION ( 'NONE',  ( -1.000000000000000000, 0.000000000000000000, 0.000000000000000000 ) ) ;
#295 = EDGE_CURVE ( 'NONE', #1016, #1950, #796, .T. ) ;
#296 = LINE ( 'NONE', #2318, #473 ) ;
#297 = EDGE_LOOP ( 'NONE', ( #1420, #2450, #507, #2401 ) ) ;
#298 = EDGE_LOOP ( 'NONE', ( #182, #2208 ) ) ;
#299 = CARTESIAN_POINT ( 'NONE',  ( 17.00000000000000000, 3.000000000000000000, 15.00000000000000000 ) ) ;
#300 = ORIENTED_EDGE ( 'NONE', *, *, #1449, .T. ) ;
#301 = ADVANCED_FACE ( 'NONE', ( #1540, #1365, #2125 ), #1006, .F. ) ;
#302 = LINE ( 'NONE', #1097, #1306 ) ;
#303 = LINE ( 'NONE', #1903, #1113 ) ;
#304 = ADVANCED_FACE ( 'NONE', ( #223 ), #422, .F. ) ;
#305 = CARTESIAN_POINT ( 'NONE',  ( -13.99999999999960565, 3.000000000000000000, -1.750000000000238254 ) ) ;
#306 = ORIENTED_EDGE ( 'NONE', *, *, #168, .T. ) ;
#307 = DIRECTION ( 'NONE',  ( -1.000000000000000000, 0.000000000000000000, 0.000000000000000000 ) ) ;
#308 = ORIENTED_EDGE ( 'NONE', *, *, #1106, .F. ) ;
#309 = DIRECTION ( 'NONE',  ( 0.000000000000000000, 0.000000000000000000, -1.000000000000000000 ) ) ;
#310 = EDGE_LOOP ( 'NONE', ( #682, #2235 ) ) ;
#311 = CARTESIAN_POINT ( 'NONE',  ( 17.00000000000000000, -0.1000000000000028644, 20.86697645467206641 ) ) ;
#312 = CIRCLE ( 'NONE', #1895, 1.750000000000635270 ) ;
#313 = CIRCLE ( 'NONE', #2374, 0.09999999999999939493 ) ;
#314 = CARTESIAN_POINT ( 'NONE',  ( -11.00000000000000355, -99.03534722511957966, 13.39999999999999858 ) ) ;
#315 = DIRECTION ( 'NONE',  ( 0.000000000000000000, 1.000000000000000000, -6.123233995736766036E-17 ) ) ;
#316 = ORIENTED_EDGE ( 'NONE', *, *, #1629, .F. ) ;
#317 = CARTESIAN_POINT ( 'NONE',  ( 17.00000000000000000, -16.99999999999999289, -20.86697645467206641 ) ) ;
#318 = EDGE_CURVE ( 'NONE', #564, #2443, #692, .T. ) ;
#319 = CARTESIAN_POINT ( 'NONE',  ( 14.00000000000000000, -14.00000000000000533, -18.00000000000000000 ) ) ;
#320 = CIRCLE ( 'NONE', #1703, 1.199999999999999734 ) ;
#321 = VECTOR ( 'NONE', #348, 1000.000000000000000 ) ;
#322 = VERTEX_POINT ( 'NONE', #2335 ) ;
#323 = ADVANCED_FACE ( 'NONE', ( #636 ), #2147, .F. ) ;
#324 = AXIS2_PLACEMENT_3D ( 'NONE', #105, #469, #1576 ) ;
#325 = LINE ( 'NONE', #1616, #356 ) ;
#326 = PLANE ( 'NONE',  #597 ) ;
#327 = AXIS2_PLACEMENT_3D ( 'NONE', #533, #1247, #2219 ) ;
#328 = VERTEX_POINT ( 'NONE', #1277 ) ;
#329 = PLANE ( 'NONE',  #954 ) ;
#330 = ORIENTED_EDGE ( 'NONE', *, *, #829, .T. ) ;
#331 = DIRECTION ( 'NONE',  ( 1.020425574104004246E-16, 1.000000000000000000, 0.000000000000000000 ) ) ;
#332 = ORIENTED_EDGE ( 'NONE', *, *, #248, .F. ) ;
#333 = VECTOR ( 'NONE', #234, 1000.000000000000000 ) ;
#334 = CARTESIAN_POINT ( 'NONE',  ( 11.00000000000000355, 0.000000000000000000, -18.00000000000000000 ) ) ;
#335 = FACE_OUTER_BOUND ( 'NONE', #552, .T. ) ;
#336 = ADVANCED_FACE ( 'NONE', ( #521 ), #845, .T. ) ;
#337 = ORIENTED_EDGE ( 'NONE', *, *, #2297, .T. ) ;
#338 = DIRECTION ( 'NONE',  ( 0.000000000000000000, 0.000000000000000000, -1.000000000000000000 ) ) ;
#339 = ORIENTED_EDGE ( 'NONE', *, *, #2028, .F. ) ;
#340 = EDGE_LOOP ( 'NONE', ( #171, #142, #2065, #184 ) ) ;
#341 = DIRECTION ( 'NONE',  ( -0.000000000000000000, -0.000000000000000000, 1.000000000000000000 ) ) ;
#342 = ORIENTED_EDGE ( 'NONE', *, *, #1741, .F. ) ;
#343 = CARTESIAN_POINT ( 'NONE',  ( -17.00000000000000000, -0.1000000000000028644, -17.99999999999999645 ) ) ;
#344 = ORIENTED_EDGE ( 'NONE', *, *, #1842, .F. ) ;
#345 = DIRECTION ( 'NONE',  ( 1.000000000000000000, 0.000000000000000000, 0.000000000000000000 ) ) ;
#346 = ADVANCED_FACE ( 'NONE', ( #335 ), #1035, .F. ) ;
#347 = EDGE_LOOP ( 'NONE', ( #1426, #805, #2263, #131, #1768, #525, #240, #1317, #1840, #1353, #726, #1441, #2453, #330, #1907, #1809, #2090, #753, #2423, #15 ) ) ;
#348 = DIRECTION ( 'NONE',  ( 0.000000000000000000, 0.000000000000000000, 1.000000000000000000 ) ) ;
#349 = DIRECTION ( 'NONE',  ( -0.000000000000000000, 1.000000000000000000, -0.000000000000000000 ) ) ;
#350 = ORIENTED_EDGE ( 'NONE', *, *, #1627, .F. ) ;
#351 = DIRECTION ( 'NONE',  ( -0.000000000000000000, 1.000000000000000000, -0.000000000000000000 ) ) ;
#352 = EDGE_CURVE ( 'NONE', #328, #2245, #292, .T. ) ;
#353 = ORIENTED_EDGE ( 'NONE', *, *, #584, .T. ) ;
#354 = ADVANCED_FACE ( 'NONE', ( #1107 ), #1290, .T. ) ;
#355 = DIRECTION ( 'NONE',  ( -0.000000000000000000, 0.000000000000000000, 1.000000000000000000 ) ) ;
#356 = VECTOR ( 'NONE', #662, 1000.000000000000000 ) ;
#357 = FACE_OUTER_BOUND ( 'NONE', #889, .T. ) ;
#358 = EDGE_LOOP ( 'NONE', ( #965, #670, #2024, #1971 ) ) ;
#359 = LINE ( 'NONE', #899, #1668 ) ;
#360 = VERTEX_POINT ( 'NONE', #738 ) ;
#361 = CARTESIAN_POINT ( 'NONE',  ( 14.00000000000000000, -14.00000000000000533, 18.00000000000000000 ) ) ;
#362 = ORIENTED_EDGE ( 'NONE', *, *, #2346, .T. ) ;
#363 = VECTOR ( 'NONE', #875, 1000.000000000000000 ) ;
#364 = PLANE ( 'NONE',  #867 ) ;
#365 = EDGE_LOOP ( 'NONE', ( #1464, #743 ) ) ;
#366 = ORIENTED_EDGE ( 'NONE', *, *, #497, .T. ) ;
#367 = DIRECTION ( 'NONE',  ( 0.000000000000000000, 0.000000000000000000, -1.000000000000000000 ) ) ;
#368 = CIRCLE ( 'NONE', #1084, 1.199999999999999734 ) ;
#369 = PLANE ( 'NONE',  #2133 ) ;
#370 = EDGE_LOOP ( 'NONE', ( #1253, #1258, #1074, #911 ) ) ;
#371 = DIRECTION ( 'NONE',  ( 0.000000000000000000, 0.000000000000000000, 1.000000000000000000 ) ) ;
#372 = ORIENTED_EDGE ( 'NONE', *, *, #197, .T. ) ;
#373 = CARTESIAN_POINT ( 'NONE',  ( 14.00000000000000178, -5.999999999999998224, -15.00000000000000000 ) ) ;
#374 = LINE ( 'NONE', #14, #1112 ) ;
#375 = EDGE_LOOP ( 'NONE', ( #2343, #1300, #160, #2413 ) ) ;
#376 = ADVANCED_FACE ( 'NONE', ( #1590 ), #2045, .F. ) ;
#377 = ORIENTED_EDGE ( 'NONE', *, *, #2352, .F. ) ;
#378 = LINE ( 'NONE', #1165, #1458 ) ;
#379 = CARTESIAN_POINT ( 'NONE',  ( 11.00000000000000178, -0.1000000000000028644, -15.00000000000000000 ) ) ;
#380 = DIRECTION ( 'NONE',  ( 1.000000000000000000, 0.000000000000000000, 0.000000000000000000 ) ) ;
#381 = ORIENTED_EDGE ( 'NONE', *, *, #829, .F. ) ;
#382 = DIRECTION ( 'NONE',  ( 1.000000000000000000, 0.000000000000000000, 0.000000000000000000 ) ) ;
#383 = EDGE_CURVE ( 'NONE', #2230, #1865, #1845, .T. ) ;
#384 = ADVANCED_FACE ( 'NONE', ( #2371 ), #2348, .T. ) ;
#385 = CARTESIAN_POINT ( 'NONE',  ( 17.00000000000000000, 0.000000000000000000, 14.90000000000000036 ) ) ;
#386 = CIRCLE ( 'NONE', #1446, 1.199999999999999734 ) ;
#387 = DIRECTION ( 'NONE',  ( -1.020425574104004122E-16, 1.000000000000000000, 0.000000000000000000 ) ) ;
#388 = EDGE_LOOP ( 'NONE', ( #140, #1651, #1588, #625 ) ) ;
#389 = EDGE_LOOP ( 'NONE', ( #1439, #1231, #2069, #1087 ) ) ;
#390 = DIRECTION ( 'NONE',  ( 0.000000000000000000, 0.000000000000000000, -1.000000000000000000 ) ) ;
#391 = ORIENTED_EDGE ( 'NONE', *, *, #2449, .F. ) ;
#392 = DIRECTION ( 'NONE',  ( -1.000000000000000000, 0.000000000000000000, -0.000000000000000000 ) ) ;
#393 = VERTEX_POINT ( 'NONE', #2224 ) ;
#394 = DIRECTION ( 'NONE',  ( 0.000000000000000000, 1.000000000000000000, 0.000000000000000000 ) ) ;
#395 = VECTOR ( 'NONE', #177, 1000.000000000000000 ) ;
#396 = ADVANCED_FACE ( 'NONE', ( #663 ), #1094, .F. ) ;
#397 = CARTESIAN_POINT ( 'NONE',  ( -11.00000000000000178, -16.99999999999999289, -15.00000000000000000 ) ) ;
#398 = VECTOR ( 'NONE', #679, 1000.000000000000000 ) ;
#399 = VECTOR ( 'NONE', #428, 1000.000000000000000 ) ;
#400 = CYLINDRICAL_SURFACE ( 'NONE', #2461, 1.199999999999999734 ) ;
#401 = ORIENTED_EDGE ( 'NONE', *, *, #1106, .T. ) ;
#402 = ADVANCED_FACE ( 'NONE', ( #1669 ), #1230, .F. ) ;
#403 = CARTESIAN_POINT ( 'NONE',  ( -17.00000000000000000, -99.03534722511957966, 15.00000000000000000 ) ) ;
#404 = VECTOR ( 'NONE', #967, 1000.000000000000000 ) ;
#405 = DIRECTION ( 'NONE',  ( 1.000000000000000000, 0.000000000000000000, 0.000000000000000000 ) ) ;
#406 = CARTESIAN_POINT ( 'NONE',  ( -17.00000000000000000, -17.00000000000000000, 14.99999999999999822 ) ) ;
#407 = CARTESIAN_POINT ( 'NONE',  ( 3.469446951953614189E-15, 0.000000000000000000, -11.49999999999999645 ) ) ;
#408 = FACE_OUTER_BOUND ( 'NONE', #90, .T. ) ;
#409 = EDGE_CURVE ( 'NONE', #2458, #600, #1961, .T. ) ;
#410 = DIRECTION ( 'NONE',  ( 0.000000000000000000, 0.000000000000000000, -1.000000000000000000 ) ) ;
#411 = LINE ( 'NONE', #1430, #1187 ) ;
#412 = ADVANCED_FACE ( 'NONE', ( #1468 ), #1802, .F. ) ;
#413 = EDGE_LOOP ( 'NONE', ( #555, #1864, #706, #1816 ) ) ;
#414 = LINE ( 'NONE', #1364, #792 ) ;
#415 = ORIENTED_EDGE ( 'NONE', *, *, #1518, .F. ) ;
#416 = DIRECTION ( 'NONE',  ( 1.000000000000000000, 0.000000000000000000, 0.000000000000000000 ) ) ;
#417 = DIRECTION ( 'NONE',  ( 0.000000000000000000, 0.000000000000000000, 1.000000000000000000 ) ) ;
#418 = FACE_OUTER_BOUND ( 'NONE', #1068, .T. ) ;
#419 = ORIENTED_EDGE ( 'NONE', *, *, #655, .F. ) ;
#420 = ADVANCED_FACE ( 'NONE', ( #1018 ), #2238, .F. ) ;
#421 = LINE ( 'NONE', #1748, #2176 ) ;
#422 = CYLINDRICAL_SURFACE ( 'NONE', #1754, 1.199999999999999734 ) ;
#423 = ORIENTED_EDGE ( 'NONE', *, *, #2093, .T. ) ;
#424 = EDGE_CURVE ( 'NONE', #1631, #2313, #457, .T. ) ;
#425 = CARTESIAN_POINT ( 'NONE',  ( -14.00000000000000178, -5.999999999999998224, 15.00000000000000000 ) ) ;
#426 = CARTESIAN_POINT ( 'NONE',  ( -11.00000000000000355, -0.1000000000000028644, 15.00000000000000000 ) ) ;
#427 = EDGE_CURVE ( 'NONE', #866, #1598, #1970, .T. ) ;
#428 = DIRECTION ( 'NONE',  ( 0.000000000000000000, 0.000000000000000000, -1.000000000000000000 ) ) ;
#429 = ORIENTED_EDGE ( 'NONE', *, *, #745, .T. ) ;
#430 = COLOUR_RGB ( '',0.7921568627450980005, 0.8196078431372548767, 0.9333333333333333481 ) ;
#431 = FACE_BOUND ( 'NONE', #298, .T. ) ;
#432 = VERTEX_POINT ( 'NONE', #2381 ) ;
#433 = DIRECTION ( 'NONE',  ( 0.000000000000000000, 0.000000000000000000, -1.000000000000000000 ) ) ;
#434 = CARTESIAN_POINT ( 'NONE',  ( -9.500000000000001776, -0.000000000000000000, 0.000000000000000000 ) ) ;
#435 = DIRECTION ( 'NONE',  ( 0.000000000000000000, 0.000000000000000000, -1.000000000000000000 ) ) ;
#436 = VECTOR ( 'NONE', #2237, 1000.000000000000000 ) ;
#437 = CYLINDRICAL_SURFACE ( 'NONE', #949, 1.750000000000309086 ) ;
#438 = DIRECTION ( 'NONE',  ( 0.000000000000000000, 3.554259541252885040E-15, -1.000000000000000000 ) ) ;
#439 = VERTEX_POINT ( 'NONE', #251 ) ;
#440 = CARTESIAN_POINT ( 'NONE',  ( -17.00000000000000000, -17.00000000000000000, 18.00000000000000000 ) ) ;
#441 = AXIS2_PLACEMENT_3D ( 'NONE', #930, #1287, #2205 ) ;
#442 = EDGE_LOOP ( 'NONE', ( #779, #517 ) ) ;
#443 = CYLINDRICAL_SURFACE ( 'NONE', #1153, 3.099999999999998757 ) ;
#444 = EDGE_CURVE ( 'NONE', #1396, #1330, #1214, .T. ) ;
#445 = CIRCLE ( 'NONE', #1003, 0.09999999999999939493 ) ;
#446 = CARTESIAN_POINT ( 'NONE',  ( -11.00000000000000355, -0.1000000000000028644, 17.99999999999999645 ) ) ;
#447 = ORIENTED_EDGE ( 'NONE', *, *, #2332, .F. ) ;
#448 = CARTESIAN_POINT ( 'NONE',  ( -14.00000000000000178, -5.999999999999998224, -18.00000000000000000 ) ) ;
#449 = CARTESIAN_POINT ( 'NONE',  ( -17.00000000000000000, -17.00000000000000000, 14.99999999999999822 ) ) ;
#450 = DIRECTION ( 'NONE',  ( 0.000000000000000000, 0.000000000000000000, -1.000000000000000000 ) ) ;
#451 = CARTESIAN_POINT ( 'NONE',  ( -11.00000000000000178, -17.00000000000000000, 14.99999999999999822 ) ) ;
#452 = ORIENTED_EDGE ( 'NONE', *, *, #1842, .T. ) ;
#453 = ADVANCED_FACE ( 'NONE', ( #1419 ), #854, .F. ) ;
#454 = DIRECTION ( 'NONE',  ( 0.000000000000000000, 0.000000000000000000, -1.000000000000000000 ) ) ;
#455 = EDGE_LOOP ( 'NONE', ( #668, #199, #1664, #2239 ) ) ;
#456 = DIRECTION ( 'NONE',  ( 1.000000000000000000, 0.000000000000000000, 0.000000000000000000 ) ) ;
#457 = LINE ( 'NONE', #1218, #1696 ) ;
#458 = VECTOR ( 'NONE', #294, 1000.000000000000000 ) ;
#459 = DIRECTION ( 'NONE',  ( 0.000000000000000000, 0.000000000000000000, -1.000000000000000000 ) ) ;
#460 = CARTESIAN_POINT ( 'NONE',  ( 11.00000000000000178, -0.09999999999999939493, 17.99999999999999645 ) ) ;
#461 = LINE ( 'NONE', #451, #2330 ) ;
#462 = ORIENTED_EDGE ( 'NONE', *, *, #138, .F. ) ;
#463 = ADVANCED_FACE ( 'NONE', ( #272 ), #685, .T. ) ;
#464 = DIRECTION ( 'NONE',  ( -1.000000000000000000, 0.000000000000000000, 0.000000000000000000 ) ) ;
#465 = ORIENTED_EDGE ( 'NONE', *, *, #2035, .F. ) ;
#466 = VECTOR ( 'NONE', #1602, 1000.000000000000000 ) ;
#467 = FACE_BOUND ( 'NONE', #1283, .T. ) ;
#468 = AXIS2_PLACEMENT_3D ( 'NONE', #1888, #1917, #765 ) ;
#469 = DIRECTION ( 'NONE',  ( 0.000000000000000000, -1.000000000000000000, 0.000000000000000000 ) ) ;
#470 = ORIENTED_EDGE ( 'NONE', *, *, #2346, .F. ) ;
#471 = EDGE_CURVE ( 'NONE', #328, #1466, #1599, .T. ) ;
#472 = DIRECTION ( 'NONE',  ( -0.000000000000000000, 1.000000000000000000, -0.000000000000000000 ) ) ;
#473 = VECTOR ( 'NONE', #837, 1000.000000000000000 ) ;
#474 = DIRECTION ( 'NONE',  ( 1.000000000000000000, 0.000000000000000000, 0.000000000000000000 ) ) ;
#475 = DIRECTION ( 'NONE',  ( 1.000000000000000000, 0.000000000000000000, 0.000000000000000000 ) ) ;
#476 = VERTEX_POINT ( 'NONE', #1944 ) ;
#477 = EDGE_CURVE ( 'NONE', #1820, #2387, #2424, .T. ) ;
#478 = VERTEX_POINT ( 'NONE', #1384 ) ;
#479 = CARTESIAN_POINT ( 'NONE',  ( -14.00000000000000178, -5.999999999999998224, -15.00000000000000000 ) ) ;
#480 = VECTOR ( 'NONE', #2190, 1000.000000000000000 ) ;
#481 = ORIENTED_EDGE ( 'NONE', *, *, #763, .F. ) ;
#482 = PRESENTATION_LAYER_ASSIGNMENT (  '', '', ( #1792 ) ) ;
#483 = EDGE_CURVE ( 'NONE', #576, #99, #2144, .T. ) ;
#484 = CARTESIAN_POINT ( 'NONE',  ( 3.469446951953614189E-15, 0.000000000000000000, 3.469446951953614189E-15 ) ) ;
#485 = EDGE_LOOP ( 'NONE', ( #1559, #502 ) ) ;
#486 = DIRECTION ( 'NONE',  ( -0.000000000000000000, 1.000000000000000000, -0.000000000000000000 ) ) ;
#487 = CARTESIAN_POINT ( 'NONE',  ( -17.00000000000000000, -16.99999999999999289, 20.86697645467206641 ) ) ;
#488 = DIRECTION ( 'NONE',  ( -0.000000000000000000, 0.000000000000000000, 1.000000000000000000 ) ) ;
#489 = ORIENTED_EDGE ( 'NONE', *, *, #19, .T. ) ;
#490 = CARTESIAN_POINT ( 'NONE',  ( 11.00000000000000355, 2.574980159653073031E-16, -14.90000000000000036 ) ) ;
#491 = VERTEX_POINT ( 'NONE', #1408 ) ;
#492 = LINE ( 'NONE', #1625, #245 ) ;
#493 = ORIENTED_EDGE ( 'NONE', *, *, #1012, .F. ) ;
#494 = CARTESIAN_POINT ( 'NONE',  ( 17.00000000000000000, 3.000000000000002665, 14.90000000000000036 ) ) ;
#495 = EDGE_CURVE ( 'NONE', #1092, #728, #320, .T. ) ;
#496 = DIRECTION ( 'NONE',  ( 0.000000000000000000, 1.000000000000000000, 0.000000000000000000 ) ) ;
#497 = EDGE_CURVE ( 'NONE', #2159, #99, #841, .T. ) ;
#498 = ORIENTED_EDGE ( 'NONE', *, *, #2339, .T. ) ;
#499 = VECTOR ( 'NONE', #1592, 1000.000000000000000 ) ;
#500 = ORIENTED_EDGE ( 'NONE', *, *, #2240, .F. ) ;
#501 = CYLINDRICAL_SURFACE ( 'NONE', #1697, 1.199999999999999734 ) ;
#502 = ORIENTED_EDGE ( 'NONE', *, *, #769, .F. ) ;
#503 = CARTESIAN_POINT ( 'NONE',  ( 12.80000000000000071, -14.00000000000000533, -15.00000000000000000 ) ) ;
#504 = CYLINDRICAL_SURFACE ( 'NONE', #2228, 1.199999999999999734 ) ;
#505 = ORIENTED_EDGE ( 'NONE', *, *, #1453, .T. ) ;
#506 = DIRECTION ( 'NONE',  ( 0.000000000000000000, 1.000000000000000000, 0.000000000000000000 ) ) ;
#507 = ORIENTED_EDGE ( 'NONE', *, *, #1821, .F. ) ;
#508 = VECTOR ( 'NONE', #1953, 1000.000000000000000 ) ;
#509 = AXIS2_PLACEMENT_3D ( 'NONE', #2066, #1734, #1788 ) ;
#510 = FACE_OUTER_BOUND ( 'NONE', #1135, .T. ) ;
#511 = AXIS2_PLACEMENT_3D ( 'NONE', #865, #1002, #1013 ) ;
#512 = VECTOR ( 'NONE', #1101, 1000.000000000000000 ) ;
#513 = CARTESIAN_POINT ( 'NONE',  ( 12.80000000000000071, -14.00000000000000533, -18.00000000000000000 ) ) ;
#514 = ORIENTED_EDGE ( 'NONE', *, *, #2163, .T. ) ;
#515 = EDGE_CURVE ( 'NONE', #919, #1056, #672, .T. ) ;
#516 = DIRECTION ( 'NONE',  ( 0.000000000000000000, -1.000000000000000000, 0.000000000000000000 ) ) ;
#517 = ORIENTED_EDGE ( 'NONE', *, *, #2175, .T. ) ;
#518 = DIRECTION ( 'NONE',  ( -0.000000000000000000, 0.000000000000000000, -1.000000000000000000 ) ) ;
#519 = VECTOR ( 'NONE', #1784, 1000.000000000000000 ) ;
#520 = CIRCLE ( 'NONE', #1499, 1.749999999999999778 ) ;
#521 = FACE_OUTER_BOUND ( 'NONE', #1899, .T. ) ;
#522 = ORIENTED_EDGE ( 'NONE', *, *, #1600, .T. ) ;
#523 = AXIS2_PLACEMENT_3D ( 'NONE', #676, #349, #1480 ) ;
#524 = FACE_OUTER_BOUND ( 'NONE', #673, .T. ) ;
#525 = ORIENTED_EDGE ( 'NONE', *, *, #560, .T. ) ;
#526 = AXIS2_PLACEMENT_3D ( 'NONE', #780, #1335, #593 ) ;
#527 = EDGE_CURVE ( 'NONE', #1324, #1826, #1744, .T. ) ;
#528 = CARTESIAN_POINT ( 'NONE',  ( -17.00000000000000000, 0.000000000000000000, 15.00000000000000000 ) ) ;
#529 = VECTOR ( 'NONE', #23, 1000.000000000000000 ) ;
#530 = ORIENTED_EDGE ( 'NONE', *, *, #2216, .F. ) ;
#531 = FACE_OUTER_BOUND ( 'NONE', #388, .T. ) ;
#532 = ORIENTED_EDGE ( 'NONE', *, *, #654, .F. ) ;
#533 = CARTESIAN_POINT ( 'NONE',  ( -11.00000000000001066, -0.1000000000000000056, 14.90000000000000036 ) ) ;
#534 = VERTEX_POINT ( 'NONE', #102 ) ;
#535 = DIRECTION ( 'NONE',  ( -0.000000000000000000, 0.000000000000000000, -1.000000000000000000 ) ) ;
#536 = ADVANCED_FACE ( 'NONE', ( #2356, #431, #659 ), #2328, .F. ) ;
#537 = DIRECTION ( 'NONE',  ( -1.000000000000000000, 0.000000000000000000, 0.000000000000000000 ) ) ;
#538 = ORIENTED_EDGE ( 'NONE', *, *, #2093, .F. ) ;
#539 = DIRECTION ( 'NONE',  ( 0.000000000000000000, 0.000000000000000000, -1.000000000000000000 ) ) ;
#540 = ORIENTED_EDGE ( 'NONE', *, *, #1893, .T. ) ;
#541 = VERTEX_POINT ( 'NONE', #74 ) ;
#542 = DIRECTION ( 'NONE',  ( 0.000000000000000000, 0.000000000000000000, 1.000000000000000000 ) ) ;
#543 = DIRECTION ( 'NONE',  ( 0.000000000000000000, 0.000000000000000000, -1.000000000000000000 ) ) ;
#544 = ORIENTED_EDGE ( 'NONE', *, *, #409, .F. ) ;
#545 = DIRECTION ( 'NONE',  ( 0.000000000000000000, 0.000000000000000000, 1.000000000000000000 ) ) ;
#546 = EDGE_LOOP ( 'NONE', ( #1242, #1104 ) ) ;
#547 = CARTESIAN_POINT ( 'NONE',  ( -17.00000000000000000, -17.00000000000000000, -14.99999999999999822 ) ) ;
#548 = EDGE_LOOP ( 'NONE', ( #1213, #1549, #874, #2232 ) ) ;
#549 = LINE ( 'NONE', #1847, #1859 ) ;
#550 = ORIENTED_EDGE ( 'NONE', *, *, #1547, .T. ) ;
#551 = CARTESIAN_POINT ( 'NONE',  ( 9.500000000000001776, -99.03534722511957966, 0.000000000000000000 ) ) ;
#552 = EDGE_LOOP ( 'NONE', ( #1226, #300, #1503, #391 ) ) ;
#553 = CIRCLE ( 'NONE', #906, 1.199999999999999734 ) ;
#554 = DIRECTION ( 'NONE',  ( -0.000000000000000000, 1.000000000000000000, -0.000000000000000000 ) ) ;
#555 = ORIENTED_EDGE ( 'NONE', *, *, #483, .F. ) ;
#556 =( LENGTH_UNIT ( ) NAMED_UNIT ( * ) SI_UNIT ( .MILLI., .METRE. ) );
#557 = ORIENTED_EDGE ( 'NONE', *, *, #1180, .T. ) ;
#558 = AXIS2_PLACEMENT_3D ( 'NONE', #1116, #380, #787 ) ;
#559 = CARTESIAN_POINT ( 'NONE',  ( 7.906643474948931805E-13, 0.000000000000000000, 14.00000000000000000 ) ) ;
#560 = EDGE_CURVE ( 'NONE', #1950, #866, #1225, .T. ) ;
#561 = EDGE_LOOP ( 'NONE', ( #73, #922, #2372, #1286 ) ) ;
#562 = AXIS2_PLACEMENT_3D ( 'NONE', #440, #1190, #464 ) ;
#563 = CARTESIAN_POINT ( 'NONE',  ( 3.469446951953614189E-15, 3.000000000000000000, 3.469446951953614189E-15 ) ) ;
#564 = VERTEX_POINT ( 'NONE', #260 ) ;
#565 = VERTEX_POINT ( 'NONE', #287 ) ;
#566 = VECTOR ( 'NONE', #1613, 1000.000000000000000 ) ;
#567 = FACE_OUTER_BOUND ( 'NONE', #2378, .T. ) ;
#568 = EDGE_CURVE ( 'NONE', #1601, #1172, #834, .T. ) ;
#569 = DIRECTION ( 'NONE',  ( -1.000000000000000000, 0.000000000000000000, 0.000000000000000000 ) ) ;
#570 = DIRECTION ( 'NONE',  ( 0.000000000000000000, 0.000000000000000000, -1.000000000000000000 ) ) ;
#571 = ORIENTED_EDGE ( 'NONE', *, *, #595, .T. ) ;
#572 = CARTESIAN_POINT ( 'NONE',  ( -17.00000000000000000, -17.00000000000000000, -18.00000000000000000 ) ) ;
#573 = CARTESIAN_POINT ( 'NONE',  ( 0.000000000000000000, 0.000000000000000000, 13.39999999999999858 ) ) ;
#574 = LINE ( 'NONE', #1327, #1343 ) ;
#575 = ORIENTED_EDGE ( 'NONE', *, *, #968, .T. ) ;
#576 = VERTEX_POINT ( 'NONE', #1572 ) ;
#577 = DIRECTION ( 'NONE',  ( -0.000000000000000000, -1.000000000000000000, -0.000000000000000000 ) ) ;
#578 = ADVANCED_FACE ( 'NONE', ( #1997 ), #2344, .F. ) ;
#579 = LINE ( 'NONE', #1727, #2311 ) ;
#580 = LINE ( 'NONE', #1333, #2331 ) ;
#581 = ORIENTED_EDGE ( 'NONE', *, *, #2352, .T. ) ;
#582 = CARTESIAN_POINT ( 'NONE',  ( -13.99999999999960565, 3.000000000000000000, 3.970466792662529833E-13 ) ) ;
#583 = CARTESIAN_POINT ( 'NONE',  ( 14.00000000000039613, 3.000000000000000000, 1.749999999999913625 ) ) ;
#584 = EDGE_CURVE ( 'NONE', #2245, #1124, #492, .T. ) ;
#585 = CIRCLE ( 'NONE', #1015, 11.50000000000000000 ) ;
#586 = CARTESIAN_POINT ( 'NONE',  ( -13.99999999999960565, 3.000000000000000000, 3.970466792662529833E-13 ) ) ;
#587 = ORIENTED_EDGE ( 'NONE', *, *, #1307, .F. ) ;
#588 = FACE_BOUND ( 'NONE', #2005, .T. ) ;
#589 = EDGE_CURVE ( 'NONE', #1239, #2392, #1093, .T. ) ;
#590 = DIRECTION ( 'NONE',  ( -1.000000000000000000, 0.000000000000000000, 0.000000000000000000 ) ) ;
#591 = ORIENTED_EDGE ( 'NONE', *, *, #751, .F. ) ;
#592 = DIRECTION ( 'NONE',  ( -1.000000000000000000, -0.000000000000000000, -0.000000000000000000 ) ) ;
#593 = DIRECTION ( 'NONE',  ( -1.000000000000000000, 0.000000000000000000, 0.000000000000000000 ) ) ;
#594 = VECTOR ( 'NONE', #1280, 1000.000000000000000 ) ;
#595 = EDGE_CURVE ( 'NONE', #134, #2313, #723, .T. ) ;
#596 = DIRECTION ( 'NONE',  ( 0.000000000000000000, 0.000000000000000000, -1.000000000000000000 ) ) ;
#597 = AXIS2_PLACEMENT_3D ( 'NONE', #487, #2409, #2229 ) ;
#598 = AXIS2_PLACEMENT_3D ( 'NONE', #831, #1402, #2161 ) ;
#599 = CIRCLE ( 'NONE', #1157, 1.750000000000635270 ) ;
#600 = VERTEX_POINT ( 'NONE', #2251 ) ;
#601 = FACE_OUTER_BOUND ( 'NONE', #1476, .T. ) ;
#602 = DIRECTION ( 'NONE',  ( 0.000000000000000000, 0.000000000000000000, 1.000000000000000000 ) ) ;
#603 = ADVANCED_FACE ( 'NONE', ( #1648, #1081, #2009 ), #2058, .T. ) ;
#604 = CARTESIAN_POINT ( 'NONE',  ( -17.00000000000000000, -17.00000000000000000, -14.99999999999999822 ) ) ;
#605 = DIRECTION ( 'NONE',  ( 0.000000000000000000, 0.000000000000000000, 1.000000000000000000 ) ) ;
#606 = VECTOR ( 'NONE', #435, 1000.000000000000000 ) ;
#607 = EDGE_LOOP ( 'NONE', ( #306, #1995, #1877, #1753 ) ) ;
#608 = AXIS2_PLACEMENT_3D ( 'NONE', #425, #983, #1167 ) ;
#609 = CIRCLE ( 'NONE', #1750, 0.09999999999999939493 ) ;
#610 = DIRECTION ( 'NONE',  ( 0.000000000000000000, -1.000000000000000000, 0.000000000000000000 ) ) ;
#611 = ADVANCED_FACE ( 'NONE', ( #2207 ), #504, .F. ) ;
#612 = EDGE_CURVE ( 'NONE', #1396, #884, #1433, .T. ) ;
#613 = ORIENTED_EDGE ( 'NONE', *, *, #665, .F. ) ;
#614 = DIRECTION ( 'NONE',  ( 0.000000000000000000, 0.000000000000000000, -1.000000000000000000 ) ) ;
#615 = CARTESIAN_POINT ( 'NONE',  ( -11.00000000000000355, -0.1000000000000028644, 20.86697645467206641 ) ) ;
#616 = FACE_OUTER_BOUND ( 'NONE', #1723, .T. ) ;
#617 = LINE ( 'NONE', #1584, #1981 ) ;
#618 = ORIENTED_EDGE ( 'NONE', *, *, #1161, .T. ) ;
#619 = ORIENTED_EDGE ( 'NONE', *, *, #1273, .T. ) ;
#620 = CARTESIAN_POINT ( 'NONE',  ( -9.500000000000001776, -99.03534722511957966, 0.000000000000000000 ) ) ;
#621 = FACE_OUTER_BOUND ( 'NONE', #2250, .T. ) ;
#622 = ORIENTED_EDGE ( 'NONE', *, *, #2287, .F. ) ;
#623 = CARTESIAN_POINT ( 'NONE',  ( -13.99999999999960565, 0.000000000000000000, 3.970466792662529833E-13 ) ) ;
#624 = DIRECTION ( 'NONE',  ( -0.000000000000000000, 0.000000000000000000, 1.000000000000000000 ) ) ;
#625 = ORIENTED_EDGE ( 'NONE', *, *, #1320, .F. ) ;
#626 = CARTESIAN_POINT ( 'NONE',  ( -13.99999999999960565, 0.000000000000000000, 1.750000000001032507 ) ) ;
#627 = EDGE_LOOP ( 'NONE', ( #415, #2049 ) ) ;
#628 = VECTOR ( 'NONE', #192, 1000.000000000000000 ) ;
#629 = EDGE_CURVE ( 'NONE', #904, #491, #1638, .T. ) ;
#630 = AXIS2_PLACEMENT_3D ( 'NONE', #1034, #1173, #233 ) ;
#631 = DIRECTION ( 'NONE',  ( -0.000000000000000000, -0.000000000000000000, -1.000000000000000000 ) ) ;
#632 = VECTOR ( 'NONE', #1769, 1000.000000000000000 ) ;
#633 = ORIENTED_EDGE ( 'NONE', *, *, #424, .F. ) ;
#634 = VECTOR ( 'NONE', #282, 1000.000000000000000 ) ;
#635 = CARTESIAN_POINT ( 'NONE',  ( 15.20000000000000107, -5.999999999999998224, 15.00000000000000000 ) ) ;
#636 = FACE_OUTER_BOUND ( 'NONE', #1083, .T. ) ;
#637 = ORIENTED_EDGE ( 'NONE', *, *, #1948, .F. ) ;
#638 = DIRECTION ( 'NONE',  ( 1.000000000000000000, -0.000000000000000000, -0.000000000000000000 ) ) ;
#639 = CIRCLE ( 'NONE', #2027, 1.199999999999999734 ) ;
#640 = LINE ( 'NONE', #1392, #499 ) ;
#641 = EDGE_CURVE ( 'NONE', #1078, #2319, #1617, .T. ) ;
#642 = PRODUCT_DEFINITION_SHAPE ( 'NONE', 'NONE',  #1143 ) ;
#643 = DIRECTION ( 'NONE',  ( -1.000000000000000000, -0.000000000000000000, -0.000000000000000000 ) ) ;
#644 = LINE ( 'NONE', #1924, #218 ) ;
#645 = ORIENTED_EDGE ( 'NONE', *, *, #2309, .F. ) ;
#646 = CARTESIAN_POINT ( 'NONE',  ( -54.51853668584739410, -0.1000000000000000056, -14.90000000000000036 ) ) ;
#647 = ORIENTED_EDGE ( 'NONE', *, *, #2276, .T. ) ;
#648 = CYLINDRICAL_SURFACE ( 'NONE', #1564, 3.099999999999998757 ) ;
#649 = AXIS2_PLACEMENT_3D ( 'NONE', #1949, #818, #1562 ) ;
#650 = DIRECTION ( 'NONE',  ( 0.000000000000000000, 0.000000000000000000, -1.000000000000000000 ) ) ;
#651 = PLANE ( 'NONE',  #1322 ) ;
#652 = DIRECTION ( 'NONE',  ( 0.000000000000000000, -8.874719395748285729E-16, 1.000000000000000000 ) ) ;
#653 = DIRECTION ( 'NONE',  ( 1.000000000000000000, 0.000000000000000000, 0.000000000000000000 ) ) ;
#654 = EDGE_CURVE ( 'NONE', #1826, #1324, #639, .T. ) ;
#655 = EDGE_CURVE ( 'NONE', #221, #944, #181, .T. ) ;
#656 = CARTESIAN_POINT ( 'NONE',  ( 11.00000000000000355, -2.775557561562891351E-14, 13.39999999999999858 ) ) ;
#657 = PRESENTATION_STYLE_ASSIGNMENT (( #71 ) ) ;
#658 = ORIENTED_EDGE ( 'NONE', *, *, #290, .F. ) ;
#659 = FACE_OUTER_BOUND ( 'NONE', #210, .T. ) ;
#660 = EDGE_CURVE ( 'NONE', #866, #699, #136, .T. ) ;
#661 = VERTEX_POINT ( 'NONE', #2405 ) ;
#662 = DIRECTION ( 'NONE',  ( -1.000000000000000000, -0.000000000000000000, 0.000000000000000000 ) ) ;
#663 = FACE_OUTER_BOUND ( 'NONE', #180, .T. ) ;
#664 = VERTEX_POINT ( 'NONE', #1454 ) ;
#665 = EDGE_CURVE ( 'NONE', #1760, #1330, #2034, .T. ) ;
#666 = FACE_OUTER_BOUND ( 'NONE', #2296, .T. ) ;
#667 = DIRECTION ( 'NONE',  ( 0.000000000000000000, 0.000000000000000000, -1.000000000000000000 ) ) ;
#668 = ORIENTED_EDGE ( 'NONE', *, *, #790, .F. ) ;
#669 = DIRECTION ( 'NONE',  ( -0.000000000000000000, 0.000000000000000000, -1.000000000000000000 ) ) ;
#670 = ORIENTED_EDGE ( 'NONE', *, *, #2397, .T. ) ;
#671 = ADVANCED_FACE ( 'NONE', ( #900 ), #2419, .F. ) ;
#672 = LINE ( 'NONE', #1202, #566 ) ;
#673 = EDGE_LOOP ( 'NONE', ( #684, #377, #362, #2156 ) ) ;
#674 = CIRCLE ( 'NONE', #117, 1.750000000000309086 ) ;
#675 = DIRECTION ( 'NONE',  ( -1.000000000000000000, 0.000000000000000000, 0.000000000000000000 ) ) ;
#676 = CARTESIAN_POINT ( 'NONE',  ( 0.000000000000000000, -7.000000000000000000, -14.00000000000000000 ) ) ;
#677 = CARTESIAN_POINT ( 'NONE',  ( 17.00000000000000000, -0.1000000000000000056, 14.90000000000000036 ) ) ;
#678 = VECTOR ( 'NONE', #1089, 1000.000000000000000 ) ;
#679 = DIRECTION ( 'NONE',  ( 0.000000000000000000, 0.000000000000000000, 1.000000000000000000 ) ) ;
#680 = CIRCLE ( 'NONE', #212, 1.750000000000849765 ) ;
#681 = LINE ( 'NONE', #1428, #678 ) ;
#682 = ORIENTED_EDGE ( 'NONE', *, *, #2158, .F. ) ;
#683 = FACE_OUTER_BOUND ( 'NONE', #1065, .T. ) ;
#684 = ORIENTED_EDGE ( 'NONE', *, *, #1600, .F. ) ;
#685 = CYLINDRICAL_SURFACE ( 'NONE', #2026, 3.099999999999998757 ) ;
#686 = CIRCLE ( 'NONE', #1355, 1.199999999999999734 ) ;
#687 = ORIENTED_EDGE ( 'NONE', *, *, #2246, .T. ) ;
#688 = EDGE_CURVE ( 'NONE', #1846, #1865, #2044, .T. ) ;
#689 = VECTOR ( 'NONE', #2402, 1000.000000000000000 ) ;
#690 = DIRECTION ( 'NONE',  ( 1.000000000000000000, 0.000000000000000000, 0.000000000000000000 ) ) ;
#691 = CARTESIAN_POINT ( 'NONE',  ( 3.469446951953614189E-15, 3.000000000000000000, 3.469446951953614189E-15 ) ) ;
#692 = CIRCLE ( 'NONE', #649, 1.199999999999999734 ) ;
#693 = EDGE_CURVE ( 'NONE', #1328, #1609, #165, .T. ) ;
#694 = CARTESIAN_POINT ( 'NONE',  ( 11.00000000000000355, 3.000000000000000000, 13.39999999999999858 ) ) ;
#695 = VERTEX_POINT ( 'NONE', #1872 ) ;
#696 = PLANE ( 'NONE',  #13 ) ;
#697 = DIRECTION ( 'NONE',  ( 0.000000000000000000, 0.000000000000000000, 1.000000000000000000 ) ) ;
#698 = ADVANCED_FACE ( 'NONE', ( #1119 ), #2436, .F. ) ;
#699 = VERTEX_POINT ( 'NONE', #772 ) ;
#700 = LINE ( 'NONE', #115, #2015 ) ;
#701 = DIRECTION ( 'NONE',  ( 0.000000000000000000, 0.000000000000000000, 1.000000000000000000 ) ) ;
#702 = VECTOR ( 'NONE', #1643, 1000.000000000000000 ) ;
#703 = CARTESIAN_POINT ( 'NONE',  ( 2.143131898507867804E-16, -7.000000000000000000, -15.75000000000000000 ) ) ;
#704 = ORIENTED_EDGE ( 'NONE', *, *, #226, .F. ) ;
#705 = CARTESIAN_POINT ( 'NONE',  ( 11.00000000000000355, -99.03534722511957966, 14.90000000000000036 ) ) ;
#706 = ORIENTED_EDGE ( 'NONE', *, *, #1849, .T. ) ;
#707 = DIRECTION ( 'NONE',  ( -1.000000000000000000, 0.000000000000000000, 0.000000000000000000 ) ) ;
#708 = VERTEX_POINT ( 'NONE', #1894 ) ;
#709 = EDGE_CURVE ( 'NONE', #2313, #1865, #1659, .T. ) ;
#710 = CARTESIAN_POINT ( 'NONE',  ( -17.00000000000000000, -99.03534722511957966, 14.90000000000000036 ) ) ;
#711 = VECTOR ( 'NONE', #338, 1000.000000000000000 ) ;
#712 = AXIS2_PLACEMENT_3D ( 'NONE', #2128, #281, #1185 ) ;
#713 = CIRCLE ( 'NONE', #2103, 1.749999999999999778 ) ;
#714 = CARTESIAN_POINT ( 'NONE',  ( -17.00000000000000000, -17.00000000000000000, 18.00000000000000000 ) ) ;
#715 = VECTOR ( 'NONE', #643, 1000.000000000000000 ) ;
#716 = ADVANCED_FACE ( 'NONE', ( #418 ), #1350, .F. ) ;
#717 = EDGE_LOOP ( 'NONE', ( #550, #1311, #2440, #913 ) ) ;
#718 = EDGE_CURVE ( 'NONE', #872, #1134, #680, .T. ) ;
#719 = FACE_OUTER_BOUND ( 'NONE', #2399, .T. ) ;
#720 = EDGE_LOOP ( 'NONE', ( #1088, #882 ) ) ;
#721 = CARTESIAN_POINT ( 'NONE',  ( -17.00000000000000000, -99.03534722511957966, -14.90000000000000036 ) ) ;
#722 = VERTEX_POINT ( 'NONE', #583 ) ;
#723 = LINE ( 'NONE', #2448, #1076 ) ;
#724 = VECTOR ( 'NONE', #2460, 1000.000000000000000 ) ;
#725 = DIRECTION ( 'NONE',  ( -0.000000000000000000, 0.000000000000000000, 1.000000000000000000 ) ) ;
#726 = ORIENTED_EDGE ( 'NONE', *, *, #745, .F. ) ;
#727 = LINE ( 'NONE', #2451, #756 ) ;
#728 = VERTEX_POINT ( 'NONE', #1158 ) ;
#729 = VERTEX_POINT ( 'NONE', #1489 ) ;
#730 = CARTESIAN_POINT ( 'NONE',  ( -9.500000000000001776, -99.03534722511957966, 0.000000000000000000 ) ) ;
#731 = EDGE_LOOP ( 'NONE', ( #153, #935 ) ) ;
#732 = CARTESIAN_POINT ( 'NONE',  ( 14.00000000000000000, -14.00000000000000533, -7.999999999999998224 ) ) ;
#733 = ORIENTED_EDGE ( 'NONE', *, *, #51, .T. ) ;
#734 = CARTESIAN_POINT ( 'NONE',  ( 4.877790770973069970E-15, 3.000000000000000000, 11.50000000000000355 ) ) ;
#735 = EDGE_CURVE ( 'NONE', #75, #1760, #1179, .T. ) ;
#736 = ORIENTED_EDGE ( 'NONE', *, *, #584, .F. ) ;
#737 = CARTESIAN_POINT ( 'NONE',  ( -17.00000000000000000, -16.99999999999999289, 20.86697645467206641 ) ) ;
#738 = CARTESIAN_POINT ( 'NONE',  ( -17.00000000000000000, 2.574980159653073031E-16, 14.90000000000000036 ) ) ;
#739 = VERTEX_POINT ( 'NONE', #2111 ) ;
#740 = EDGE_CURVE ( 'NONE', #393, #1998, #1823, .T. ) ;
#741 = DIRECTION ( 'NONE',  ( 0.000000000000000000, 0.000000000000000000, -1.000000000000000000 ) ) ;
#742 = ORIENTED_EDGE ( 'NONE', *, *, #116, .T. ) ;
#743 = ORIENTED_EDGE ( 'NONE', *, *, #1529, .F. ) ;
#744 = DIRECTION ( 'NONE',  ( -1.000000000000000000, 0.000000000000000000, 0.000000000000000000 ) ) ;
#745 = EDGE_CURVE ( 'NONE', #1140, #576, #1933, .T. ) ;
#746 = DIRECTION ( 'NONE',  ( 0.000000000000000000, 0.000000000000000000, 1.000000000000000000 ) ) ;
#747 = ORIENTED_EDGE ( 'NONE', *, *, #2019, .F. ) ;
#748 = CARTESIAN_POINT ( 'NONE',  ( -17.00000000000000000, -17.00000000000000000, 14.99999999999999822 ) ) ;
#749 = CARTESIAN_POINT ( 'NONE',  ( 0.000000000000000000, -7.000000000000000000, -12.25000000000000000 ) ) ;
#750 = EDGE_LOOP ( 'NONE', ( #1537, #1469, #279, #2406 ) ) ;
#751 = EDGE_CURVE ( 'NONE', #1682, #178, #520, .T. ) ;
#752 = DIRECTION ( 'NONE',  ( -0.000000000000000000, 0.000000000000000000, 1.000000000000000000 ) ) ;
#753 = ORIENTED_EDGE ( 'NONE', *, *, #41, .T. ) ;
#754 = CARTESIAN_POINT ( 'NONE',  ( -12.80000000000000249, -5.999999999999998224, -15.00000000000000000 ) ) ;
#755 = LINE ( 'NONE', #615, #2192 ) ;
#756 = VECTOR ( 'NONE', #1470, 1000.000000000000000 ) ;
#757 = CARTESIAN_POINT ( 'NONE',  ( -17.00000000000000000, -0.09999999999999939493, -14.99999999999999822 ) ) ;
#758 = ORIENTED_EDGE ( 'NONE', *, *, #2391, .T. ) ;
#759 =( NAMED_UNIT ( * ) PLANE_ANGLE_UNIT ( ) SI_UNIT ( $, .RADIAN. ) );
#760 = DIRECTION ( 'NONE',  ( 0.000000000000000000, 0.000000000000000000, -1.000000000000000000 ) ) ;
#761 = AXIS2_PLACEMENT_3D ( 'NONE', #1720, #1314, #1362 ) ;
#762 = PLANE ( 'NONE',  #1224 ) ;
#763 = EDGE_CURVE ( 'NONE', #1134, #872, #1909, .T. ) ;
#764 = EDGE_LOOP ( 'NONE', ( #87, #979, #2432, #2137 ) ) ;
#765 = DIRECTION ( 'NONE',  ( 0.000000000000000000, 0.000000000000000000, 1.000000000000000000 ) ) ;
#766 = CYLINDRICAL_SURFACE ( 'NONE', #1125, 1.750000000000635270 ) ;
#767 = AXIS2_PLACEMENT_3D ( 'NONE', #1677, #516, #2446 ) ;
#769 = EDGE_CURVE ( 'NONE', #1252, #722, #1351, .T. ) ;
#768 = DIRECTION ( 'NONE',  ( -1.000000000000000000, 0.000000000000000000, 0.000000000000000000 ) ) ;
#770 = ORIENTED_EDGE ( 'NONE', *, *, #2236, .F. ) ;
#771 = LINE ( 'NONE', #1360, #529 ) ;
#772 = CARTESIAN_POINT ( 'NONE',  ( 9.500000000000001776, -2.775557561562891351E-14, -13.39999999999999858 ) ) ;
#773 = CARTESIAN_POINT ( 'NONE',  ( -15.20000000000000107, -5.999999999999998224, -18.00000000000000000 ) ) ;
#774 = ORIENTED_EDGE ( 'NONE', *, *, #1177, .F. ) ;
#775 = DIRECTION ( 'NONE',  ( 0.000000000000000000, 0.000000000000000000, 1.000000000000000000 ) ) ;
#776 = EDGE_CURVE ( 'NONE', #178, #432, #238, .T. ) ;
#777 = CARTESIAN_POINT ( 'NONE',  ( 17.00000000000000000, 3.000000000000000000, -14.89999999999999680 ) ) ;
#778 = DIRECTION ( 'NONE',  ( -0.000000000000000000, 0.000000000000000000, 1.000000000000000000 ) ) ;
#779 = ORIENTED_EDGE ( 'NONE', *, *, #1913, .T. ) ;
#780 = CARTESIAN_POINT ( 'NONE',  ( 14.00000000000000178, -5.999999999999998224, 18.00000000000000000 ) ) ;
#781 = CARTESIAN_POINT ( 'NONE',  ( 9.500000000000001776, -99.03534722511957966, -13.39999999999999858 ) ) ;
#782 = DIRECTION ( 'NONE',  ( 0.000000000000000000, -1.775381057445024239E-14, -1.000000000000000000 ) ) ;
#783 = EDGE_CURVE ( 'NONE', #1140, #695, #1132, .T. ) ;
#784 = ORIENTED_EDGE ( 'NONE', *, *, #149, .T. ) ;
#785 = CARTESIAN_POINT ( 'NONE',  ( 9.500000000000001776, 3.000000000000000000, 0.000000000000000000 ) ) ;
#786 = PLANE ( 'NONE',  #1749 ) ;
#787 = DIRECTION ( 'NONE',  ( 0.000000000000000000, 0.000000000000000000, -1.000000000000000000 ) ) ;
#788 = CARTESIAN_POINT ( 'NONE',  ( 9.500000000000001776, -99.03534722511957966, 0.000000000000000000 ) ) ;
#789 = AXIS2_PLACEMENT_3D ( 'NONE', #1692, #183, #1897 ) ;
#790 = EDGE_CURVE ( 'NONE', #1998, #2366, #988, .T. ) ;
#791 = CARTESIAN_POINT ( 'NONE',  ( 11.00000000000000355, -99.03534722511957966, 0.000000000000000000 ) ) ;
#792 = VECTOR ( 'NONE', #433, 1000.000000000000000 ) ;
#793 = AXIS2_PLACEMENT_3D ( 'NONE', #1634, #1644, #109 ) ;
#794 = EDGE_LOOP ( 'NONE', ( #1472, #618, #2126, #2014 ) ) ;
#795 = CARTESIAN_POINT ( 'NONE',  ( -12.80000000000000249, -5.999999999999998224, 18.00000000000000000 ) ) ;
#796 = LINE ( 'NONE', #434, #1836 ) ;
#797 = ORIENTED_EDGE ( 'NONE', *, *, #35, .T. ) ;
#798 = CARTESIAN_POINT ( 'NONE',  ( 14.00000000000000178, -5.999999999999998224, 15.00000000000000000 ) ) ;
#799 = DIRECTION ( 'NONE',  ( 1.000000000000000000, -0.000000000000000000, -0.000000000000000000 ) ) ;
#800 = CARTESIAN_POINT ( 'NONE',  ( 9.500000000000001776, 3.000000000000000000, 13.39999999999999858 ) ) ;
#801 = VECTOR ( 'NONE', #1412, 1000.000000000000000 ) ;
#802 = CLOSED_SHELL ( 'NONE', ( #2417, #1329, #247, #63, #1975, #276, #412, #453, #2359, #2047, #1349, #396, #304, #323, #1001, #698, #1560, #1594, #1199, #1923, #1096, #1582, #1299, #336, #1901, #1685, #603, #611, #346, #354, #2321, #536, #230, #2265, #2012, #420, #1025, #864, #301, #1127, #12, #1507, #2272, #1717, #122, #1691, #716, #376, #1605, #207, #1983, #1479, #402, #2454, #1159, #843, #256, #1447, #671, #1652, #1338, #1771, #2140, #1254, #2087, #88, #463, #1764, #1926, #1787, #1721, #67, #384, #2447, #1708, #578, #1520, #1614, #1818, #1186 ) ) ;
#803 = CIRCLE ( 'NONE', #2033, 1.750000000000635270 ) ;
#804 = DIRECTION ( 'NONE',  ( -1.020425574104004246E-16, 1.000000000000000000, -6.123233995736766036E-17 ) ) ;
#805 = ORIENTED_EDGE ( 'NONE', *, *, #2019, .T. ) ;
#806 = VERTEX_POINT ( 'NONE', #2261 ) ;
#807 = DIRECTION ( 'NONE',  ( -0.000000000000000000, -1.000000000000000000, -0.000000000000000000 ) ) ;
#808 = ORIENTED_EDGE ( 'NONE', *, *, #1050, .T. ) ;
#809 = DIRECTION ( 'NONE',  ( 1.000000000000000000, 0.000000000000000000, 0.000000000000000000 ) ) ;
#810 = CARTESIAN_POINT ( 'NONE',  ( -14.00000000000000178, -5.999999999999998224, -7.999999999999998224 ) ) ;
#811 = EDGE_LOOP ( 'NONE', ( #2123, #2130, #353, #2369 ) ) ;
#812 = DIRECTION ( 'NONE',  ( -1.000000000000000000, 0.000000000000000000, 0.000000000000000000 ) ) ;
#813 = CIRCLE ( 'NONE', #2404, 3.099999999999998757 ) ;
#814 = ORIENTED_EDGE ( 'NONE', *, *, #688, .T. ) ;
#815 = EDGE_CURVE ( 'NONE', #1195, #215, #942, .T. ) ;
#816 = EDGE_CURVE ( 'NONE', #1635, #806, #1339, .T. ) ;
#817 = FACE_OUTER_BOUND ( 'NONE', #876, .T. ) ;
#818 = DIRECTION ( 'NONE',  ( -0.000000000000000000, -0.000000000000000000, -1.000000000000000000 ) ) ;
#819 = FACE_OUTER_BOUND ( 'NONE', #764, .T. ) ;
#820 = LINE ( 'NONE', #449, #2016 ) ;
#821 = CARTESIAN_POINT ( 'NONE',  ( -11.00000000000000355, -0.000000000000000000, 0.000000000000000000 ) ) ;
#822 = DIRECTION ( 'NONE',  ( -0.000000000000000000, 0.000000000000000000, -1.000000000000000000 ) ) ;
#823 = ORIENTED_EDGE ( 'NONE', *, *, #946, .F. ) ;
#824 = AXIS2_PLACEMENT_3D ( 'NONE', #2180, #669, #26 ) ;
#825 = AXIS2_PLACEMENT_3D ( 'NONE', #1521, #1359, #746 ) ;
#826 = DIRECTION ( 'NONE',  ( 0.000000000000000000, 0.000000000000000000, 1.000000000000000000 ) ) ;
#827 = ORIENTED_EDGE ( 'NONE', *, *, #2163, .F. ) ;
#828 = AXIS2_PLACEMENT_3D ( 'NONE', #1890, #592, #198 ) ;
#829 = EDGE_CURVE ( 'NONE', #919, #189, #2274, .T. ) ;
#830 = CARTESIAN_POINT ( 'NONE',  ( -9.500000000000001776, 3.000000000000000000, -18.00000000000000000 ) ) ;
#831 = CARTESIAN_POINT ( 'NONE',  ( -14.00000000000000178, -5.999999999999998224, 7.999999999999998224 ) ) ;
#832 = EDGE_CURVE ( 'NONE', #476, #1635, #955, .T. ) ;
#833 = DIRECTION ( 'NONE',  ( 0.000000000000000000, 0.000000000000000000, -1.000000000000000000 ) ) ;
#834 = CIRCLE ( 'NONE', #2110, 1.199999999999999734 ) ;
#835 = CARTESIAN_POINT ( 'NONE',  ( -17.00000000000000000, -0.1000000000000000056, 14.90000000000000036 ) ) ;
#836 = EDGE_CURVE ( 'NONE', #699, #664, #24, .T. ) ;
#837 = DIRECTION ( 'NONE',  ( -0.000000000000000000, 1.000000000000000000, -0.000000000000000000 ) ) ;
#838 = LINE ( 'NONE', #1212, #2060 ) ;
#839 = ORIENTED_EDGE ( 'NONE', *, *, #2234, .T. ) ;
#840 = AXIS2_PLACEMENT_3D ( 'NONE', #788, #1534, #605 ) ;
#841 = LINE ( 'NONE', #299, #1268 ) ;
#842 = VERTEX_POINT ( 'NONE', #978 ) ;
#843 = ADVANCED_FACE ( 'NONE', ( #1731 ), #34, .F. ) ;
#844 = CARTESIAN_POINT ( 'NONE',  ( -11.00000000000000355, -0.1000000000000028644, -17.99999999999999645 ) ) ;
#845 = PLANE ( 'NONE',  #1501 ) ;
#846 = ORIENTED_EDGE ( 'NONE', *, *, #1227, .T. ) ;
#847 = CARTESIAN_POINT ( 'NONE',  ( 17.00000000000000000, -16.99999999999999289, -20.86697645467206641 ) ) ;
#848 = APPLICATION_PROTOCOL_DEFINITION ( 'draft international standard', 'automotive_design', 1998, #2153 ) ;
#849 = EDGE_CURVE ( 'NONE', #99, #232, #2022, .T. ) ;
#850 = CARTESIAN_POINT ( 'NONE',  ( -11.00000000000000355, 0.000000000000000000, -18.00000000000000000 ) ) ;
#851 = EDGE_LOOP ( 'NONE', ( #827, #1201, #2202, #915 ) ) ;
#852 = DIRECTION ( 'NONE',  ( 0.000000000000000000, -1.000000000000000000, 0.000000000000000000 ) ) ;
#853 = ORIENTED_EDGE ( 'NONE', *, *, #2107, .T. ) ;
#854 = CYLINDRICAL_SURFACE ( 'NONE', #511, 1.199999999999999734 ) ;
#855 = ORIENTED_EDGE ( 'NONE', *, *, #2397, .F. ) ;
#856 = DIRECTION ( 'NONE',  ( 0.000000000000000000, 0.000000000000000000, 1.000000000000000000 ) ) ;
#857 = CARTESIAN_POINT ( 'NONE',  ( 17.00000000000000711, -0.1000000000000000056, -14.90000000000000036 ) ) ;
#858 = LINE ( 'NONE', #94, #801 ) ;
#859 = DIRECTION ( 'NONE',  ( 0.000000000000000000, 1.000000000000000000, 0.000000000000000000 ) ) ;
#860 = DIRECTION ( 'NONE',  ( 0.000000000000000000, 0.000000000000000000, -1.000000000000000000 ) ) ;
#861 = ORIENTED_EDGE ( 'NONE', *, *, #1014, .T. ) ;
#862 = FILL_AREA_STYLE ('',( #2364 ) ) ;
#863 = EDGE_LOOP ( 'NONE', ( #1266, #970, #2301, #1993 ) ) ;
#864 = ADVANCED_FACE ( 'NONE', ( #2353 ), #1382, .T. ) ;
#865 = CARTESIAN_POINT ( 'NONE',  ( 14.00000000000000178, -5.999999999999998224, 7.999999999999998224 ) ) ;
#866 = VERTEX_POINT ( 'NONE', #1595 ) ;
#867 = AXIS2_PLACEMENT_3D ( 'NONE', #1340, #1133, #152 ) ;
#868 = DIRECTION ( 'NONE',  ( 0.000000000000000000, 0.000000000000000000, 1.000000000000000000 ) ) ;
#869 = AXIS2_PLACEMENT_3D ( 'NONE', #1450, #133, #1828 ) ;
#870 = DIRECTION ( 'NONE',  ( 0.000000000000000000, -1.000000000000000000, 0.000000000000000000 ) ) ;
#871 = CARTESIAN_POINT ( 'NONE',  ( 17.00000000000000000, -16.99999999999999289, 17.99999999999999645 ) ) ;
#872 = VERTEX_POINT ( 'NONE', #2326 ) ;
#873 = CARTESIAN_POINT ( 'NONE',  ( 7.908786606847440617E-13, 3.000000000000000000, 12.24999999999915090 ) ) ;
#874 = ORIENTED_EDGE ( 'NONE', *, *, #971, .F. ) ;
#875 = DIRECTION ( 'NONE',  ( 0.000000000000000000, 0.000000000000000000, -1.000000000000000000 ) ) ;
#876 = EDGE_LOOP ( 'NONE', ( #350, #56, #1004, #928 ) ) ;
#877 = VECTOR ( 'NONE', #2109, 1000.000000000000000 ) ;
#878 = CARTESIAN_POINT ( 'NONE',  ( -17.00000000000000000, -17.00000000000000000, 14.99999999999999822 ) ) ;
#879 = EDGE_LOOP ( 'NONE', ( #505, #1687, #2117, #2248 ) ) ;
#880 = DIRECTION ( 'NONE',  ( -1.000000000000000000, 0.000000000000000000, 0.000000000000000000 ) ) ;
#881 = AXIS2_PLACEMENT_3D ( 'NONE', #1928, #1174, #1390 ) ;
#882 = ORIENTED_EDGE ( 'NONE', *, *, #1044, .F. ) ;
#883 = DIRECTION ( 'NONE',  ( 0.000000000000000000, -1.000000000000000000, 0.000000000000000000 ) ) ;
#884 = VERTEX_POINT ( 'NONE', #49 ) ;
#885 = DIRECTION ( 'NONE',  ( 0.000000000000000000, 0.000000000000000000, 1.000000000000000000 ) ) ;
#886 = EDGE_CURVE ( 'NONE', #884, #892, #258, .T. ) ;
#887 = ORIENTED_EDGE ( 'NONE', *, *, #776, .F. ) ;
#888 = CARTESIAN_POINT ( 'NONE',  ( 9.500000000000001776, 0.000000000000000000, 0.000000000000000000 ) ) ;
#889 = EDGE_LOOP ( 'NONE', ( #1471, #170, #1291, #43 ) ) ;
#890 = CARTESIAN_POINT ( 'NONE',  ( 10.99999999999999645, -0.1000000000000000056, 14.90000000000000036 ) ) ;
#891 = EDGE_CURVE ( 'NONE', #957, #2283, #1994, .T. ) ;
#892 = VERTEX_POINT ( 'NONE', #269 ) ;
#893 = EDGE_CURVE ( 'NONE', #1406, #322, #1211, .T. ) ;
#894 = DIRECTION ( 'NONE',  ( 0.000000000000000000, 1.000000000000000000, 0.000000000000000000 ) ) ;
#895 = AXIS2_PLACEMENT_3D ( 'NONE', #1086, #1232, #880 ) ;
#896 = ORIENTED_EDGE ( 'NONE', *, *, #155, .F. ) ;
#897 = LINE ( 'NONE', #1270, #1421 ) ;
#898 = ORIENTED_EDGE ( 'NONE', *, *, #2059, .F. ) ;
#899 = CARTESIAN_POINT ( 'NONE',  ( 9.500000000000001776, 0.000000000000000000, 0.000000000000000000 ) ) ;
#900 = FACE_OUTER_BOUND ( 'NONE', #1304, .T. ) ;
#901 = CARTESIAN_POINT ( 'NONE',  ( 11.00000000000000000, -17.00000000000000000, 20.86697645467206641 ) ) ;
#902 = ORIENTED_EDGE ( 'NONE', *, *, #1431, .F. ) ;
#903 = LINE ( 'NONE', #943, #2135 ) ;
#904 = VERTEX_POINT ( 'NONE', #626 ) ;
#905 = EDGE_LOOP ( 'NONE', ( #167, #1615, #500, #1824 ) ) ;
#906 = AXIS2_PLACEMENT_3D ( 'NONE', #1047, #2170, #675 ) ;
#907 = EDGE_CURVE ( 'NONE', #2220, #739, #296, .T. ) ;
#908 = AXIS2_PLACEMENT_3D ( 'NONE', #1495, #2092, #936 ) ;
#909 = CARTESIAN_POINT ( 'NONE',  ( 17.00000000000000000, -0.1000000000000028644, -20.86697645467206641 ) ) ;
#910 = CIRCLE ( 'NONE', #2222, 1.199999999999999734 ) ;
#911 = ORIENTED_EDGE ( 'NONE', *, *, #125, .F. ) ;
#912 = CARTESIAN_POINT ( 'NONE',  ( -9.500000000000001776, -2.775557561562891351E-14, 18.00000000000000000 ) ) ;
#913 = ORIENTED_EDGE ( 'NONE', *, *, #891, .F. ) ;
#914 = DIRECTION ( 'NONE',  ( 1.000000000000000000, 0.000000000000000000, 0.000000000000000000 ) ) ;
#915 = ORIENTED_EDGE ( 'NONE', *, *, #2246, .F. ) ;
#916 = EDGE_CURVE ( 'NONE', #134, #739, #617, .T. ) ;
#917 = CARTESIAN_POINT ( 'NONE',  ( -11.00000000000000355, -99.03534722511957966, -13.39999999999999858 ) ) ;
#918 = CARTESIAN_POINT ( 'NONE',  ( -14.00000000000000355, -14.00000000000000533, 7.999999999999998224 ) ) ;
#919 = VERTEX_POINT ( 'NONE', #656 ) ;
#920 = CIRCLE ( 'NONE', #1235, 3.099999999999998757 ) ;
#921 = FACE_OUTER_BOUND ( 'NONE', #389, .T. ) ;
#922 = ORIENTED_EDGE ( 'NONE', *, *, #290, .T. ) ;
#923 = EDGE_LOOP ( 'NONE', ( #1363, #591 ) ) ;
#924 = CIRCLE ( 'NONE', #608, 1.199999999999999734 ) ;
#925 = VECTOR ( 'NONE', #394, 1000.000000000000000 ) ;
#926 = FACE_OUTER_BOUND ( 'NONE', #193, .T. ) ;
#927 = FACE_OUTER_BOUND ( 'NONE', #1756, .T. ) ;
#928 = ORIENTED_EDGE ( 'NONE', *, *, #1209, .F. ) ;
#929 = EDGE_CURVE ( 'NONE', #534, #1808, #1236, .T. ) ;
#930 = CARTESIAN_POINT ( 'NONE',  ( 11.00000000000000355, -0.1000000000000000056, -14.90000000000000036 ) ) ;
#931 = DIRECTION ( 'NONE',  ( 0.000000000000000000, 0.000000000000000000, -1.000000000000000000 ) ) ;
#932 = VERTEX_POINT ( 'NONE', #460 ) ;
#933 = LINE ( 'NONE', #2422, #1377 ) ;
#934 = ORIENTED_EDGE ( 'NONE', *, *, #1436, .F. ) ;
#935 = ORIENTED_EDGE ( 'NONE', *, *, #35, .F. ) ;
#936 = DIRECTION ( 'NONE',  ( -1.000000000000000000, 0.000000000000000000, 0.000000000000000000 ) ) ;
#937 = PLANE ( 'NONE',  #2429 ) ;
#938 = CARTESIAN_POINT ( 'NONE',  ( 0.000000000000000000, 3.000000000000000000, -13.39999999999999858 ) ) ;
#939 = EDGE_LOOP ( 'NONE', ( #1483, #945, #1120, #1959 ) ) ;
#940 = DIRECTION ( 'NONE',  ( 6.902245402481583579E-16, 0.000000000000000000, 1.000000000000000000 ) ) ;
#941 = EDGE_CURVE ( 'NONE', #541, #1647, #2177, .T. ) ;
#942 = LINE ( 'NONE', #1688, #1786 ) ;
#943 = CARTESIAN_POINT ( 'NONE',  ( 17.00000000000000000, -17.00000000000000000, -14.99999999999999822 ) ) ;
#944 = VERTEX_POINT ( 'NONE', #1941 ) ;
#945 = ORIENTED_EDGE ( 'NONE', *, *, #2339, .F. ) ;
#946 = EDGE_CURVE ( 'NONE', #1694, #1946, #910, .T. ) ;
#947 = PLANE ( 'NONE',  #468 ) ;
#948 = AXIS2_PLACEMENT_3D ( 'NONE', #1982, #1767, #2155 ) ;
#949 = AXIS2_PLACEMENT_3D ( 'NONE', #1022, #2325, #1939 ) ;
#950 = DIRECTION ( 'NONE',  ( -0.000000000000000000, -0.000000000000000000, -1.000000000000000000 ) ) ;
#951 = DIRECTION ( 'NONE',  ( 1.000000000000000000, 1.020425574104004246E-16, 0.000000000000000000 ) ) ;
#952 = ORIENTED_EDGE ( 'NONE', *, *, #1082, .F. ) ;
#953 = LINE ( 'NONE', #2072, #91 ) ;
#954 = AXIS2_PLACEMENT_3D ( 'NONE', #1285, #1062, #315 ) ;
#955 = LINE ( 'NONE', #397, #2426 ) ;
#956 = CARTESIAN_POINT ( 'NONE',  ( -14.00000000000000355, -14.00000000000000533, 7.999999999999998224 ) ) ;
#957 = VERTEX_POINT ( 'NONE', #1053 ) ;
#958 = ORIENTED_EDGE ( 'NONE', *, *, #568, .F. ) ;
#959 = AXIS2_PLACEMENT_3D ( 'NONE', #961, #166, #537 ) ;
#960 = CARTESIAN_POINT ( 'NONE',  ( -17.00000000000000000, 2.574980159653073031E-16, -14.90000000000000036 ) ) ;
#961 = CARTESIAN_POINT ( 'NONE',  ( -14.00000000000000355, -14.00000000000000533, -7.999999999999998224 ) ) ;
#962 = LINE ( 'NONE', #44, #1541 ) ;
#963 = AXIS2_PLACEMENT_3D ( 'NONE', #1257, #2042, #179 ) ;
#964 = CARTESIAN_POINT ( 'NONE',  ( -11.00000000000000178, -16.99999999999999289, 20.86697645467206641 ) ) ;
#965 = ORIENTED_EDGE ( 'NONE', *, *, #1827, .T. ) ;
#966 = LINE ( 'NONE', #2097, #2193 ) ;
#967 = DIRECTION ( 'NONE',  ( 0.000000000000000000, 0.000000000000000000, -1.000000000000000000 ) ) ;
#968 = EDGE_CURVE ( 'NONE', #2003, #2319, #249, .T. ) ;
#969 = DIRECTION ( 'NONE',  ( -1.000000000000000000, 0.000000000000000000, 0.000000000000000000 ) ) ;
#970 = ORIENTED_EDGE ( 'NONE', *, *, #1337, .F. ) ;
#971 = EDGE_CURVE ( 'NONE', #1016, #64, #1040, .T. ) ;
#972 = DIRECTION ( 'NONE',  ( -0.000000000000000000, 1.000000000000000000, -0.000000000000000000 ) ) ;
#973 = DIRECTION ( 'NONE',  ( 0.000000000000000000, 0.000000000000000000, 1.000000000000000000 ) ) ;
#974 = EDGE_CURVE ( 'NONE', #806, #1869, #70, .T. ) ;
#975 = CARTESIAN_POINT ( 'NONE',  ( 0.000000000000000000, 0.000000000000000000, 13.39999999999999858 ) ) ;
#976 = CARTESIAN_POINT ( 'NONE',  ( 10.99999999999999645, -0.09999999999999996392, 15.00000000000000000 ) ) ;
#977 = LINE ( 'NONE', #1892, #2386 ) ;
#978 = CARTESIAN_POINT ( 'NONE',  ( -17.00000000000000000, -17.00000000000000000, 18.00000000000000000 ) ) ;
#979 = ORIENTED_EDGE ( 'NONE', *, *, #1220, .F. ) ;
#980 = FACE_OUTER_BOUND ( 'NONE', #358, .T. ) ;
#981 = FACE_OUTER_BOUND ( 'NONE', #2145, .T. ) ;
#982 = EDGE_LOOP ( 'NONE', ( #1968, #423, #1444, #896 ) ) ;
#983 = DIRECTION ( 'NONE',  ( -0.000000000000000000, -0.000000000000000000, -1.000000000000000000 ) ) ;
#984 = CARTESIAN_POINT ( 'NONE',  ( 14.00000000000000178, -5.999999999999998224, -15.00000000000000000 ) ) ;
#985 = CARTESIAN_POINT ( 'NONE',  ( -17.00000000000000000, -17.00000000000000000, -18.00000000000000000 ) ) ;
#986 = UNCERTAINTY_MEASURE_WITH_UNIT (LENGTH_MEASURE( 1.000000000000000082E-05 ), #1238, 'distance_accuracy_value', 'NONE');
#987 = CIRCLE ( 'NONE', #1069, 1.750000000000309086 ) ;
#988 = LINE ( 'NONE', #1170, #404 ) ;
#989 = VECTOR ( 'NONE', #1486, 1000.000000000000000 ) ;
#990 = ORIENTED_EDGE ( 'NONE', *, *, #560, .F. ) ;
#991 = VECTOR ( 'NONE', #1706, 1000.000000000000000 ) ;
#992 = DIRECTION ( 'NONE',  ( -1.000000000000000000, 0.000000000000000000, 0.000000000000000000 ) ) ;
#993 = ORIENTED_EDGE ( 'NONE', *, *, #1658, .T. ) ;
#994 = DIRECTION ( 'NONE',  ( 0.000000000000000000, -1.761828530288955355E-15, 1.000000000000000000 ) ) ;
#995 = CARTESIAN_POINT ( 'NONE',  ( 10.99999999999999645, -0.1000000000000000056, 14.90000000000000036 ) ) ;
#996 = PRODUCT_CONTEXT ( 'NONE', #2376, 'mechanical' ) ;
#997 = AXIS2_PLACEMENT_3D ( 'NONE', #2324, #1761, #1553 ) ;
#998 = CIRCLE ( 'NONE', #327, 3.099999999999998757 ) ;
#999 = DIRECTION ( 'NONE',  ( -0.000000000000000000, 1.000000000000000000, -0.000000000000000000 ) ) ;
#1000 = EDGE_LOOP ( 'NONE', ( #1100, #308, #1672, #613 ) ) ;
#1001 = ADVANCED_FACE ( 'NONE', ( #59 ), #1955, .F. ) ;
#1002 = DIRECTION ( 'NONE',  ( 0.000000000000000000, 0.000000000000000000, 1.000000000000000000 ) ) ;
#1003 = AXIS2_PLACEMENT_3D ( 'NONE', #1183, #590, #1166 ) ;
#1004 = ORIENTED_EDGE ( 'NONE', *, *, #1772, .T. ) ;
#1005 = DIRECTION ( 'NONE',  ( 0.000000000000000000, 0.000000000000000000, -1.000000000000000000 ) ) ;
#1006 = PLANE ( 'NONE',  #2152 ) ;
#1007 = CARTESIAN_POINT ( 'NONE',  ( -17.00000000000000000, -16.99999999999999289, -20.86697645467206641 ) ) ;
#1008 = CARTESIAN_POINT ( 'NONE',  ( -12.80000000000000249, -5.999999999999998224, -7.999999999999998224 ) ) ;
#1009 = DIRECTION ( 'NONE',  ( -1.000000000000000000, 0.000000000000000000, 0.000000000000000000 ) ) ;
#1010 = DIRECTION ( 'NONE',  ( 1.000000000000000000, 0.000000000000000000, 0.000000000000000000 ) ) ;
#1011 = ORIENTED_EDGE ( 'NONE', *, *, #444, .T. ) ;
#1012 = EDGE_CURVE ( 'NONE', #1598, #1803, #1555, .T. ) ;
#1013 = DIRECTION ( 'NONE',  ( 1.000000000000000000, 0.000000000000000000, 0.000000000000000000 ) ) ;
#1014 = EDGE_CURVE ( 'NONE', #904, #1851, #599, .T. ) ;
#1015 = AXIS2_PLACEMENT_3D ( 'NONE', #691, #496, #701 ) ;
#1016 = VERTEX_POINT ( 'NONE', #1780 ) ;
#1017 = DIRECTION ( 'NONE',  ( 0.000000000000000000, 0.000000000000000000, -1.000000000000000000 ) ) ;
#1018 = FACE_OUTER_BOUND ( 'NONE', #145, .T. ) ;
#1019 = ORIENTED_EDGE ( 'NONE', *, *, #2035, .T. ) ;
#1020 = EDGE_CURVE ( 'NONE', #2242, #2071, #164, .T. ) ;
#1021 = DIRECTION ( 'NONE',  ( 0.000000000000000000, 0.000000000000000000, 1.000000000000000000 ) ) ;
#1022 = CARTESIAN_POINT ( 'NONE',  ( 14.00000000000039613, -7.000000000000000000, -3.953321737474466912E-13 ) ) ;
#1023 = DIRECTION ( 'NONE',  ( 0.000000000000000000, 0.000000000000000000, -1.000000000000000000 ) ) ;
#1024 = DIRECTION ( 'NONE',  ( -1.000000000000000000, -0.000000000000000000, -0.000000000000000000 ) ) ;
#1025 = ADVANCED_FACE ( 'NONE', ( #719 ), #1463, .T. ) ;
#1026 = EDGE_LOOP ( 'NONE', ( #2363, #2256 ) ) ;
#1027 = CIRCLE ( 'NONE', #789, 1.749999999999999778 ) ;
#1028 = AXIS2_PLACEMENT_3D ( 'NONE', #1868, #1700, #1675 ) ;
#1029 = CIRCLE ( 'NONE', #1263, 11.50000000000000000 ) ;
#1030 = DIRECTION ( 'NONE',  ( -1.000000000000000000, 0.000000000000000000, 0.000000000000000000 ) ) ;
#1031 = EDGE_LOOP ( 'NONE', ( #861, #2427, #1806, #2167 ) ) ;
#1032 = AXIS2_PLACEMENT_3D ( 'NONE', #791, #475, #667 ) ;
#1033 = EDGE_CURVE ( 'NONE', #1682, #1060, #1620, .T. ) ;
#1034 = CARTESIAN_POINT ( 'NONE',  ( 65.64595960730993340, -0.1000000000000000056, 14.90000000000000036 ) ) ;
#1035 = CYLINDRICAL_SURFACE ( 'NONE', #1275, 1.199999999999999734 ) ;
#1036 = LINE ( 'NONE', #1790, #606 ) ;
#1037 = VECTOR ( 'NONE', #1326, 1000.000000000000000 ) ;
#1038 = CARTESIAN_POINT ( 'NONE',  ( 11.00000000000000355, 3.000000000000002665, -14.90000000000000036 ) ) ;
#1039 = AXIS2_PLACEMENT_3D ( 'NONE', #798, #2081, #2281 ) ;
#1040 = LINE ( 'NONE', #1765, #2303 ) ;
#1041 = ORIENTED_EDGE ( 'NONE', *, *, #220, .F. ) ;
#1042 = DIRECTION ( 'NONE',  ( 0.000000000000000000, 0.000000000000000000, -1.000000000000000000 ) ) ;
#1043 = ORIENTED_EDGE ( 'NONE', *, *, #612, .T. ) ;
#1044 = EDGE_CURVE ( 'NONE', #1406, #1223, #2104, .T. ) ;
#1045 = CARTESIAN_POINT ( 'NONE',  ( 9.500000000000001776, -99.03534722511957966, -18.00000000000000000 ) ) ;
#1046 = ORIENTED_EDGE ( 'NONE', *, *, #709, .T. ) ;
#1047 = CARTESIAN_POINT ( 'NONE',  ( -14.00000000000000355, -14.00000000000000533, 18.00000000000000000 ) ) ;
#1048 = DIRECTION ( 'NONE',  ( 0.000000000000000000, 0.000000000000000000, -1.000000000000000000 ) ) ;
#1049 = DIRECTION ( 'NONE',  ( 0.000000000000000000, 0.000000000000000000, 1.000000000000000000 ) ) ;
#1050 = EDGE_CURVE ( 'NONE', #729, #134, #1309, .T. ) ;
#1051 = DIRECTION ( 'NONE',  ( 0.000000000000000000, 0.000000000000000000, 1.000000000000000000 ) ) ;
#1052 = EDGE_CURVE ( 'NONE', #1102, #478, #2388, .T. ) ;
#1053 = CARTESIAN_POINT ( 'NONE',  ( -11.00000000000000355, -2.775557561562891351E-14, 13.39999999999999858 ) ) ;
#1054 = ORIENTED_EDGE ( 'NONE', *, *, #495, .F. ) ;
#1055 =( NAMED_UNIT ( * ) SI_UNIT ( $, .STERADIAN. ) SOLID_ANGLE_UNIT ( ) );
#1056 = VERTEX_POINT ( 'NONE', #694 ) ;
#1057 = CARTESIAN_POINT ( 'NONE',  ( 65.64595960730993340, -0.1000000000000000056, 14.90000000000000036 ) ) ;
#1058 = ORIENTED_EDGE ( 'NONE', *, *, #1361, .T. ) ;
#1059 = DIRECTION ( 'NONE',  ( -0.000000000000000000, 1.000000000000000000, -0.000000000000000000 ) ) ;
#1060 = VERTEX_POINT ( 'NONE', #2203 ) ;
#1061 = DIRECTION ( 'NONE',  ( 0.000000000000000000, 0.000000000000000000, -1.000000000000000000 ) ) ;
#1062 = DIRECTION ( 'NONE',  ( 1.000000000000000000, 0.000000000000000000, 0.000000000000000000 ) ) ;
#1063 = EDGE_LOOP ( 'NONE', ( #1710, #2043 ) ) ;
#1064 = CARTESIAN_POINT ( 'NONE',  ( -14.00000000000000355, -14.00000000000000533, -18.00000000000000000 ) ) ;
#1065 = EDGE_LOOP ( 'NONE', ( #1573, #1256, #1111, #2037 ) ) ;
#1066 = DIRECTION ( 'NONE',  ( 1.000000000000000000, 0.000000000000000000, 0.000000000000000000 ) ) ;
#1067 = CIRCLE ( 'NONE', #1028, 11.50000000000000000 ) ;
#1068 = EDGE_LOOP ( 'NONE', ( #194, #619, #1546, #1110 ) ) ;
#1069 = AXIS2_PLACEMENT_3D ( 'NONE', #1912, #852, #2196 ) ;
#1070 = DIRECTION ( 'NONE',  ( -1.000000000000000000, 0.000000000000000000, 0.000000000000000000 ) ) ;
#1071 = ORIENTED_EDGE ( 'NONE', *, *, #477, .T. ) ;
#1072 = EDGE_CURVE ( 'NONE', #2445, #2366, #1115, .T. ) ;
#1073 = DIRECTION ( 'NONE',  ( 1.000000000000000000, 0.000000000000000000, 0.000000000000000000 ) ) ;
#1074 = ORIENTED_EDGE ( 'NONE', *, *, #2002, .T. ) ;
#1075 = VERTEX_POINT ( 'NONE', #871 ) ;
#1076 = VECTOR ( 'NONE', #2393, 1000.000000000000000 ) ;
#1077 = DIRECTION ( 'NONE',  ( -0.000000000000000000, 1.000000000000000000, -0.000000000000000000 ) ) ;
#1078 = VERTEX_POINT ( 'NONE', #513 ) ;
#1079 = FACE_BOUND ( 'NONE', #923, .T. ) ;
#1080 = EDGE_LOOP ( 'NONE', ( #447, #742, #993, #532 ) ) ;
#1081 = FACE_BOUND ( 'NONE', #1457, .T. ) ;
#1082 = EDGE_CURVE ( 'NONE', #1466, #1124, #897, .T. ) ;
#1083 = EDGE_LOOP ( 'NONE', ( #419, #103, #2218, #1681 ) ) ;
#1084 = AXIS2_PLACEMENT_3D ( 'NONE', #1064, #135, #307 ) ;
#1085 = CARTESIAN_POINT ( 'NONE',  ( -17.00000000000000000, -0.09999999999999996392, 15.00000000000000000 ) ) ;
#1086 = CARTESIAN_POINT ( 'NONE',  ( -14.00000000000000178, -5.999999999999998224, -18.00000000000000000 ) ) ;
#1087 = ORIENTED_EDGE ( 'NONE', *, *, #2175, .F. ) ;
#1088 = ORIENTED_EDGE ( 'NONE', *, *, #97, .F. ) ;
#1089 = DIRECTION ( 'NONE',  ( -0.000000000000000000, 1.000000000000000000, -0.000000000000000000 ) ) ;
#1090 = ORIENTED_EDGE ( 'NONE', *, *, #72, .T. ) ;
#1091 = CARTESIAN_POINT ( 'NONE',  ( -17.00000000000000000, -17.00000000000000000, 18.00000000000000000 ) ) ;
#1092 = VERTEX_POINT ( 'NONE', #2400 ) ;
#1093 = LINE ( 'NONE', #1443, #363 ) ;
#1094 = CYLINDRICAL_SURFACE ( 'NONE', #1745, 1.199999999999999734 ) ;
#1095 = ORIENTED_EDGE ( 'NONE', *, *, #2185, .T. ) ;
#1096 = ADVANCED_FACE ( 'NONE', ( #357 ), #501, .F. ) ;
#1097 = CARTESIAN_POINT ( 'NONE',  ( -9.500000000000001776, -99.03534722511957966, 18.00000000000000000 ) ) ;
#1098 = ORIENTED_EDGE ( 'NONE', *, *, #1387, .T. ) ;
#1099 = CARTESIAN_POINT ( 'NONE',  ( 11.00000000000000355, -99.03534722511957966, 0.000000000000000000 ) ) ;
#1100 = ORIENTED_EDGE ( 'NONE', *, *, #1180, .F. ) ;
#1101 = DIRECTION ( 'NONE',  ( -1.000000000000000000, 0.000000000000000000, 0.000000000000000000 ) ) ;
#1102 = VERTEX_POINT ( 'NONE', #912 ) ;
#1103 = DIRECTION ( 'NONE',  ( 0.000000000000000000, 1.000000000000000000, -6.123233995736766036E-17 ) ) ;
#1104 = ORIENTED_EDGE ( 'NONE', *, *, #2276, .F. ) ;
#1105 = DIRECTION ( 'NONE',  ( 1.000000000000000000, 0.000000000000000000, 0.000000000000000000 ) ) ;
#1106 = EDGE_CURVE ( 'NONE', #892, #232, #2231, .T. ) ;
#1107 = FACE_OUTER_BOUND ( 'NONE', #879, .T. ) ;
#1108 = VERTEX_POINT ( 'NONE', #305 ) ;
#1109 = DIRECTION ( 'NONE',  ( -0.000000000000000000, 1.000000000000000000, -0.000000000000000000 ) ) ;
#1110 = ORIENTED_EDGE ( 'NONE', *, *, #1800, .T. ) ;
#1111 = ORIENTED_EDGE ( 'NONE', *, *, #1547, .F. ) ;
#1112 = VECTOR ( 'NONE', #2277, 1000.000000000000000 ) ;
#1113 = VECTOR ( 'NONE', #972, 1000.000000000000000 ) ;
#1114 = FACE_OUTER_BOUND ( 'NONE', #1511, .T. ) ;
#1115 = CIRCLE ( 'NONE', #39, 1.199999999999999734 ) ;
#1116 = CARTESIAN_POINT ( 'NONE',  ( -82.51853668584740831, -0.1000000000000000056, -14.90000000000000036 ) ) ;
#1117 = EDGE_LOOP ( 'NONE', ( #162, #1795, #2057, #540 ) ) ;
#1118 = CARTESIAN_POINT ( 'NONE',  ( -17.00000000000000000, 2.999999999999999112, 14.90000000000000036 ) ) ;
#1119 = FACE_OUTER_BOUND ( 'NONE', #1770, .T. ) ;
#1120 = ORIENTED_EDGE ( 'NONE', *, *, #1571, .T. ) ;
#1121 = CIRCLE ( 'NONE', #1747, 0.09999999999999939493 ) ;
#1122 = FACE_OUTER_BOUND ( 'NONE', #297, .T. ) ;
#1123 = ORIENTED_EDGE ( 'NONE', *, *, #383, .F. ) ;
#1124 = VERTEX_POINT ( 'NONE', #119 ) ;
#1125 = AXIS2_PLACEMENT_3D ( 'NONE', #1345, #1930, #2305 ) ;
#1126 = DIRECTION ( 'NONE',  ( 1.000000000000000000, 0.000000000000000000, 0.000000000000000000 ) ) ;
#1127 = ADVANCED_FACE ( 'NONE', ( #531 ), #329, .F. ) ;
#1128 = EDGE_CURVE ( 'NONE', #189, #2458, #681, .T. ) ;
#1129 = LINE ( 'NONE', #1533, #395 ) ;
#1130 = ORIENTED_EDGE ( 'NONE', *, *, #30, .F. ) ;
#1131 = FACE_OUTER_BOUND ( 'NONE', #1399, .T. ) ;
#1132 = LINE ( 'NONE', #385, #1462 ) ;
#1133 = DIRECTION ( 'NONE',  ( -1.000000000000000000, 0.000000000000000000, 0.000000000000000000 ) ) ;
#1134 = VERTEX_POINT ( 'NONE', #2017 ) ;
#1135 = EDGE_LOOP ( 'NONE', ( #2018, #1095, #1674, #132 ) ) ;
#1136 = CARTESIAN_POINT ( 'NONE',  ( -11.00000000000000355, 3.000000000000000000, -13.39999999999999858 ) ) ;
#1137 = EDGE_CURVE ( 'NONE', #1869, #729, #2040, .T. ) ;
#1138 = CARTESIAN_POINT ( 'NONE',  ( -11.00000000000001066, -0.1000000000000000056, 14.90000000000000036 ) ) ;
#1139 = DIRECTION ( 'NONE',  ( 1.000000000000000000, 0.000000000000000000, 0.000000000000000000 ) ) ;
#1140 = VERTEX_POINT ( 'NONE', #2247 ) ;
#1141 = CARTESIAN_POINT ( 'NONE',  ( -12.80000000000000249, -5.999999999999998224, 7.999999999999998224 ) ) ;
#1142 = CIRCLE ( 'NONE', #2289, 1.199999999999999734 ) ;
#1143 = PRODUCT_DEFINITION ( 'Êú', '', #1624, #2308 ) ;
#1144 = DIRECTION ( 'NONE',  ( -1.000000000000000000, 0.000000000000000000, 0.000000000000000000 ) ) ;
#1145 = DIRECTION ( 'NONE',  ( 0.000000000000000000, 0.000000000000000000, 1.000000000000000000 ) ) ;
#1146 = ORIENTED_EDGE ( 'NONE', *, *, #527, .F. ) ;
#1147 = EDGE_LOOP ( 'NONE', ( #1058, #2178, #37, #273 ) ) ;
#1148 = CARTESIAN_POINT ( 'NONE',  ( 17.00000000000000000, -16.99999999999999289, 20.86697645467206641 ) ) ;
#1149 = AXIS2_PLACEMENT_3D ( 'NONE', #1162, #1024, #782 ) ;
#1150 = CIRCLE ( 'NONE', #2459, 1.750000000000309086 ) ;
#1151 = DIRECTION ( 'NONE',  ( 1.000000000000000000, 0.000000000000000000, 0.000000000000000000 ) ) ;
#1152 = EDGE_CURVE ( 'NONE', #2283, #360, #1854, .T. ) ;
#1153 = AXIS2_PLACEMENT_3D ( 'NONE', #2124, #1972, #65 ) ;
#1154 = CYLINDRICAL_SURFACE ( 'NONE', #558, 0.09999999999999939493 ) ;
#1155 = ORIENTED_EDGE ( 'NONE', *, *, #1171, .F. ) ;
#1156 = PLANE ( 'NONE',  #2349 ) ;
#1157 = AXIS2_PLACEMENT_3D ( 'NONE', #1394, #2154, #450 ) ;
#1158 = CARTESIAN_POINT ( 'NONE',  ( 12.80000000000000249, -5.999999999999998224, 18.00000000000000000 ) ) ;
#1159 = ADVANCED_FACE ( 'NONE', ( #1296 ), #2431, .F. ) ;
#1160 = AXIS2_PLACEMENT_3D ( 'NONE', #559, #2074, #410 ) ;
#1161 = EDGE_CURVE ( 'NONE', #664, #1466, #2004, .T. ) ;
#1162 = CARTESIAN_POINT ( 'NONE',  ( -11.00000000000001066, -0.1000000000000000056, -14.90000000000000036 ) ) ;
#1163 = ORIENTED_EDGE ( 'NONE', *, *, #16, .F. ) ;
#1164 = AXIS2_PLACEMENT_3D ( 'NONE', #857, #1973, #650 ) ;
#1165 = CARTESIAN_POINT ( 'NONE',  ( 4.877790770973069970E-15, 3.000000000000000000, 11.50000000000000355 ) ) ;
#1166 = DIRECTION ( 'NONE',  ( 0.000000000000000000, 0.000000000000000000, 1.000000000000000000 ) ) ;
#1167 = DIRECTION ( 'NONE',  ( 1.000000000000000000, 0.000000000000000000, 0.000000000000000000 ) ) ;
#1168 = LINE ( 'NONE', #8, #2379 ) ;
#1169 = CARTESIAN_POINT ( 'NONE',  ( -11.00000000000001066, -0.09999999999999996392, 15.00000000000000000 ) ) ;
#1170 = CARTESIAN_POINT ( 'NONE',  ( 15.20000000000000107, -5.999999999999998224, -7.999999999999998224 ) ) ;
#1171 = EDGE_CURVE ( 'NONE', #892, #1330, #1323, .T. ) ;
#1172 = VERTEX_POINT ( 'NONE', #1906 ) ;
#1173 = DIRECTION ( 'NONE',  ( -1.000000000000000000, 0.000000000000000000, 0.000000000000000000 ) ) ;
#1174 = DIRECTION ( 'NONE',  ( -0.000000000000000000, 1.000000000000000000, -0.000000000000000000 ) ) ;
#1175 = CARTESIAN_POINT ( 'NONE',  ( 11.00000000000000178, -16.99999999999999289, 15.00000000000000000 ) ) ;
#1177 = EDGE_CURVE ( 'NONE', #75, #439, #1168, .T. ) ;
#1176 = LINE ( 'NONE', #1038, #1848 ) ;
#1178 = DIRECTION ( 'NONE',  ( 1.000000000000000000, 0.000000000000000000, 0.000000000000000000 ) ) ;
#1179 = LINE ( 'NONE', #1883, #2067 ) ;
#1180 = EDGE_CURVE ( 'NONE', #232, #1760, #2444, .T. ) ;
#1181 = EDGE_LOOP ( 'NONE', ( #774, #622, #1043, #1645 ) ) ;
#1182 = DIRECTION ( 'NONE',  ( 1.000000000000000000, 0.000000000000000000, 0.000000000000000000 ) ) ;
#1183 = CARTESIAN_POINT ( 'NONE',  ( 17.00000000000000000, -0.1000000000000000056, 14.90000000000000036 ) ) ;
#1184 = CYLINDRICAL_SURFACE ( 'NONE', #1432, 0.09999999999999939493 ) ;
#1185 = DIRECTION ( 'NONE',  ( -1.000000000000000000, 0.000000000000000000, 0.000000000000000000 ) ) ;
#1186 = ADVANCED_FACE ( 'NONE', ( #32 ), #1154, .F. ) ;
#1187 = VECTOR ( 'NONE', #2341, 1000.000000000000000 ) ;
#1188 = DIRECTION ( 'NONE',  ( 0.000000000000000000, 0.000000000000000000, 1.000000000000000000 ) ) ;
#1189 = EDGE_LOOP ( 'NONE', ( #481, #106 ) ) ;
#1190 = DIRECTION ( 'NONE',  ( 0.000000000000000000, 0.000000000000000000, -1.000000000000000000 ) ) ;
#1191 = ORIENTED_EDGE ( 'NONE', *, *, #51, .F. ) ;
#1192 = AXIS2_PLACEMENT_3D ( 'NONE', #373, #1525, #2086 ) ;
#1193 = CARTESIAN_POINT ( 'NONE',  ( 14.00000000000000000, -14.00000000000000533, -18.00000000000000000 ) ) ;
#1194 = DIRECTION ( 'NONE',  ( -1.000000000000000000, 0.000000000000000000, 0.000000000000000000 ) ) ;
#1195 = VERTEX_POINT ( 'NONE', #214 ) ;
#1196 = DIRECTION ( 'NONE',  ( -0.000000000000000000, 1.000000000000000000, -0.000000000000000000 ) ) ;
#1197 = CARTESIAN_POINT ( 'NONE',  ( 12.80000000000000249, -5.999999999999998224, 15.00000000000000000 ) ) ;
#1198 = EDGE_CURVE ( 'NONE', #739, #1869, #1902, .T. ) ;
#1199 = ADVANCED_FACE ( 'NONE', ( #927 ), #1728, .T. ) ;
#1200 = CARTESIAN_POINT ( 'NONE',  ( -15.20000000000000284, -14.00000000000000533, 7.999999999999998224 ) ) ;
#1201 = ORIENTED_EDGE ( 'NONE', *, *, #1793, .T. ) ;
#1202 = CARTESIAN_POINT ( 'NONE',  ( 11.00000000000000355, -99.03534722511957966, 13.39999999999999858 ) ) ;
#1203 = EDGE_CURVE ( 'NONE', #2283, #1631, #1716, .T. ) ;
#1204 = ORIENTED_EDGE ( 'NONE', *, *, #1082, .T. ) ;
#1205 = CARTESIAN_POINT ( 'NONE',  ( -12.80000000000000426, -14.00000000000000533, 18.00000000000000000 ) ) ;
#1206 = DIRECTION ( 'NONE',  ( 1.000000000000000000, 0.000000000000000000, -0.000000000000000000 ) ) ;
#1207 = ORIENTED_EDGE ( 'NONE', *, *, #1660, .T. ) ;
#1208 = LINE ( 'NONE', #1804, #480 ) ;
#1209 = EDGE_CURVE ( 'NONE', #110, #1284, #1067, .T. ) ;
#1210 = CARTESIAN_POINT ( 'NONE',  ( -11.00000000000000355, -2.775557561562891351E-14, -13.39999999999999858 ) ) ;
#1211 = LINE ( 'NONE', #1200, #1940 ) ;
#1212 = CARTESIAN_POINT ( 'NONE',  ( 17.00000000000000000, -17.00000000000000000, 18.00000000000000000 ) ) ;
#1213 = ORIENTED_EDGE ( 'NONE', *, *, #693, .T. ) ;
#1214 = LINE ( 'NONE', #1397, #2336 ) ;
#1215 = VECTOR ( 'NONE', #69, 1000.000000000000000 ) ;
#1216 = ORIENTED_EDGE ( 'NONE', *, *, #929, .T. ) ;
#1217 = DIRECTION ( 'NONE',  ( 0.000000000000000000, 0.000000000000000000, -1.000000000000000000 ) ) ;
#1218 = CARTESIAN_POINT ( 'NONE',  ( -11.00000000000000355, 3.000000000000002665, 14.90000000000000036 ) ) ;
#1219 = CARTESIAN_POINT ( 'NONE',  ( 11.00000000000000355, -99.03534722511957966, 18.00000000000000000 ) ) ;
#1220 = EDGE_CURVE ( 'NONE', #1288, #932, #1129, .T. ) ;
#1221 = CARTESIAN_POINT ( 'NONE',  ( -15.20000000000000284, -14.00000000000000533, -7.999999999999998224 ) ) ;
#1222 = DIRECTION ( 'NONE',  ( 1.000000000000000000, 0.000000000000000000, 0.000000000000000000 ) ) ;
#1223 = VERTEX_POINT ( 'NONE', #2457 ) ;
#1224 = AXIS2_PLACEMENT_3D ( 'NONE', #2241, #752, #1862 ) ;
#1225 = LINE ( 'NONE', #1985, #1388 ) ;
#1226 = ORIENTED_EDGE ( 'NONE', *, *, #2082, .F. ) ;
#1227 = EDGE_CURVE ( 'NONE', #541, #221, #2215, .T. ) ;
#1228 = EDGE_CURVE ( 'NONE', #1385, #1631, #580, .T. ) ;
#1229 = PLANE ( 'NONE',  #201 ) ;
#1230 = PLANE ( 'NONE',  #48 ) ;
#1231 = ORIENTED_EDGE ( 'NONE', *, *, #1044, .T. ) ;
#1232 = DIRECTION ( 'NONE',  ( 0.000000000000000000, 0.000000000000000000, -1.000000000000000000 ) ) ;
#1233 = CARTESIAN_POINT ( 'NONE',  ( 0.000000000000000000, 0.000000000000000000, 0.000000000000000000 ) ) ;
#1234 = EDGE_LOOP ( 'NONE', ( #1409, #2050, #151, #581 ) ) ;
#1235 = AXIS2_PLACEMENT_3D ( 'NONE', #677, #1604, #1049 ) ;
#1236 = LINE ( 'NONE', #98, #2418 ) ;
#1237 = VERTEX_POINT ( 'NONE', #757 ) ;
#1238 =( LENGTH_UNIT ( ) NAMED_UNIT ( * ) SI_UNIT ( .MILLI., .METRE. ) );
#1239 = VERTEX_POINT ( 'NONE', #604 ) ;
#1240 = AXIS2_PLACEMENT_3D ( 'NONE', #1233, #1593, #653 ) ;
#1241 = DIRECTION ( 'NONE',  ( 1.000000000000000000, 0.000000000000000000, 0.000000000000000000 ) ) ;
#1242 = ORIENTED_EDGE ( 'NONE', *, *, #2052, .F. ) ;
#1243 = CARTESIAN_POINT ( 'NONE',  ( 7.906643474948931805E-13, 3.000000000000000000, 14.00000000000000000 ) ) ;
#1244 = LINE ( 'NONE', #528, #2021 ) ;
#1245 = DIRECTION ( 'NONE',  ( 1.000000000000000000, 0.000000000000000000, 0.000000000000000000 ) ) ;
#1246 = VERTEX_POINT ( 'NONE', #1879 ) ;
#1247 = DIRECTION ( 'NONE',  ( -1.000000000000000000, 0.000000000000000000, 0.000000000000000000 ) ) ;
#1248 = DIRECTION ( 'NONE',  ( 0.000000000000000000, 0.000000000000000000, 1.000000000000000000 ) ) ;
#1249 = ORIENTED_EDGE ( 'NONE', *, *, #916, .T. ) ;
#1250 = LINE ( 'NONE', #1445, #1735 ) ;
#1251 = CARTESIAN_POINT ( 'NONE',  ( -14.00000000000000355, -14.00000000000000533, -15.00000000000000000 ) ) ;
#1252 = VERTEX_POINT ( 'NONE', #1497 ) ;
#1253 = ORIENTED_EDGE ( 'NONE', *, *, #740, .T. ) ;
#1254 = ADVANCED_FACE ( 'NONE', ( #225 ), #2306, .F. ) ;
#1255 = DIRECTION ( 'NONE',  ( 0.000000000000000000, 0.000000000000000000, -1.000000000000000000 ) ) ;
#1256 = ORIENTED_EDGE ( 'NONE', *, *, #2216, .T. ) ;
#1257 = CARTESIAN_POINT ( 'NONE',  ( 17.00000000000000711, -0.1000000000000000056, -14.90000000000000036 ) ) ;
#1258 = ORIENTED_EDGE ( 'NONE', *, *, #790, .T. ) ;
#1259 = CARTESIAN_POINT ( 'NONE',  ( 14.00000000000000000, -14.00000000000000533, 7.999999999999998224 ) ) ;
#1260 = AXIS2_PLACEMENT_3D ( 'NONE', #1243, #1812, #868 ) ;
#1261 = VECTOR ( 'NONE', #554, 1000.000000000000000 ) ;
#1262 = EDGE_LOOP ( 'NONE', ( #1843, #1271, #498, #1611 ) ) ;
#1263 = AXIS2_PLACEMENT_3D ( 'NONE', #2290, #195, #2268 ) ;
#1264 = DIRECTION ( 'NONE',  ( -1.000000000000000000, 0.000000000000000000, 0.000000000000000000 ) ) ;
#1265 = AXIS2_PLACEMENT_3D ( 'NONE', #2194, #488, #1245 ) ;
#1266 = ORIENTED_EDGE ( 'NONE', *, *, #1793, .F. ) ;
#1267 = CARTESIAN_POINT ( 'NONE',  ( 15.20000000000000107, -5.999999999999998224, 7.999999999999998224 ) ) ;
#1268 = VECTOR ( 'NONE', #454, 1000.000000000000000 ) ;
#1269 = VECTOR ( 'NONE', #1666, 1000.000000000000000 ) ;
#1270 = CARTESIAN_POINT ( 'NONE',  ( 11.00000000000000355, 3.000000000000000000, 0.000000000000000000 ) ) ;
#1271 = ORIENTED_EDGE ( 'NONE', *, *, #2213, .T. ) ;
#1272 = FACE_BOUND ( 'NONE', #310, .T. ) ;
#1273 = EDGE_CURVE ( 'NONE', #1797, #1278, #1150, .T. ) ;
#1274 = ORIENTED_EDGE ( 'NONE', *, *, #2433, .F. ) ;
#1275 = AXIS2_PLACEMENT_3D ( 'NONE', #1789, #2036, #2420 ) ;
#1276 = DIRECTION ( 'NONE',  ( -0.000000000000000000, 1.000000000000000000, -0.000000000000000000 ) ) ;
#1277 = CARTESIAN_POINT ( 'NONE',  ( 11.00000000000000355, -2.775557561562891351E-14, -13.39999999999999858 ) ) ;
#1278 = VERTEX_POINT ( 'NONE', #2293 ) ;
#1279 = EDGE_CURVE ( 'NONE', #1237, #729, #1346, .T. ) ;
#1280 = DIRECTION ( 'NONE',  ( -0.000000000000000000, 1.000000000000000000, -0.000000000000000000 ) ) ;
#1281 = ORIENTED_EDGE ( 'NONE', *, *, #929, .F. ) ;
#1282 = PLANE ( 'NONE',  #265 ) ;
#1283 = EDGE_LOOP ( 'NONE', ( #2320, #958 ) ) ;
#1284 = VERTEX_POINT ( 'NONE', #407 ) ;
#1285 = CARTESIAN_POINT ( 'NONE',  ( -17.00000000000000000, -16.99999999999999289, -20.86697645467206641 ) ) ;
#1286 = ORIENTED_EDGE ( 'NONE', *, *, #168, .F. ) ;
#1287 = DIRECTION ( 'NONE',  ( 1.000000000000000000, 0.000000000000000000, 0.000000000000000000 ) ) ;
#1288 = VERTEX_POINT ( 'NONE', #976 ) ;
#1289 = DIRECTION ( 'NONE',  ( -1.000000000000000000, 0.000000000000000000, 0.000000000000000000 ) ) ;
#1290 = PLANE ( 'NONE',  #324 ) ;
#1291 = ORIENTED_EDGE ( 'NONE', *, *, #61, .T. ) ;
#1292 = DIRECTION ( 'NONE',  ( 0.000000000000000000, 0.000000000000000000, 1.000000000000000000 ) ) ;
#1293 = ORIENTED_EDGE ( 'NONE', *, *, #709, .F. ) ;
#1294 = LINE ( 'NONE', #172, #2416 ) ;
#1295 = ORIENTED_EDGE ( 'NONE', *, *, #1354, .T. ) ;
#1296 = FACE_OUTER_BOUND ( 'NONE', #794, .T. ) ;
#1297 = ORIENTED_EDGE ( 'NONE', *, *, #1658, .F. ) ;
#1298 = FACE_OUTER_BOUND ( 'NONE', #347, .T. ) ;
#1299 = ADVANCED_FACE ( 'NONE', ( #2070 ), #369, .F. ) ;
#1300 = ORIENTED_EDGE ( 'NONE', *, *, #1337, .T. ) ;
#1301 = CARTESIAN_POINT ( 'NONE',  ( -17.00000000000000000, -17.00000000000000000, -14.99999999999999822 ) ) ;
#1302 = ORIENTED_EDGE ( 'NONE', *, *, #612, .F. ) ;
#1303 = FACE_OUTER_BOUND ( 'NONE', #2132, .T. ) ;
#1304 = EDGE_LOOP ( 'NONE', ( #1522, #261, #1891, #381 ) ) ;
#1305 = EDGE_LOOP ( 'NONE', ( #2382, #1434, #1623, #902 ) ) ;
#1306 = VECTOR ( 'NONE', #2188, 1000.000000000000000 ) ;
#1307 = EDGE_CURVE ( 'NONE', #1195, #1075, #257, .T. ) ;
#1308 = CARTESIAN_POINT ( 'NONE',  ( 14.00000000000000178, -5.999999999999998224, -7.999999999999998224 ) ) ;
#1309 = CIRCLE ( 'NONE', #793, 3.099999999999998757 ) ;
#1310 = DIRECTION ( 'NONE',  ( 0.000000000000000000, -1.000000000000000000, 0.000000000000000000 ) ) ;
#1311 = ORIENTED_EDGE ( 'NONE', *, *, #1228, .T. ) ;
#1312 = CARTESIAN_POINT ( 'NONE',  ( 15.20000000000000107, -5.999999999999998224, -18.00000000000000000 ) ) ;
#1313 = AXIS2_PLACEMENT_3D ( 'NONE', #2197, #535, #1289 ) ;
#1314 = DIRECTION ( 'NONE',  ( 0.000000000000000000, 1.000000000000000000, 0.000000000000000000 ) ) ;
#1315 = CYLINDRICAL_SURFACE ( 'NONE', #881, 1.750000000000849765 ) ;
#1316 = DIRECTION ( 'NONE',  ( 0.000000000000000000, 1.000000000000000000, 0.000000000000000000 ) ) ;
#1317 = ORIENTED_EDGE ( 'NONE', *, *, #2112, .T. ) ;
#1318 = CIRCLE ( 'NONE', #1357, 1.199999999999999734 ) ;
#1319 = DIRECTION ( 'NONE',  ( -1.000000000000000000, 0.000000000000000000, -0.000000000000000000 ) ) ;
#1320 = EDGE_CURVE ( 'NONE', #185, #1846, #820, .T. ) ;
#1321 = DIRECTION ( 'NONE',  ( 0.000000000000000000, 0.000000000000000000, 1.000000000000000000 ) ) ;
#1322 = AXIS2_PLACEMENT_3D ( 'NONE', #1563, #1775, #81 ) ;
#1323 = LINE ( 'NONE', #2083, #241 ) ;
#1324 = VERTEX_POINT ( 'NONE', #246 ) ;
#1325 = LINE ( 'NONE', #1512, #2275 ) ;
#1326 = DIRECTION ( 'NONE',  ( -1.000000000000000000, 0.000000000000000000, 0.000000000000000000 ) ) ;
#1327 = CARTESIAN_POINT ( 'NONE',  ( 17.00000000000000000, -0.1000000000000028644, 17.99999999999999645 ) ) ;
#1328 = VERTEX_POINT ( 'NONE', #1210 ) ;
#1329 = ADVANCED_FACE ( 'NONE', ( #1565 ), #437, .F. ) ;
#1330 = VERTEX_POINT ( 'NONE', #236 ) ;
#1331 = CARTESIAN_POINT ( 'NONE',  ( 2.143131898507867558E-16, 0.000000000000000000, -15.75000000000000000 ) ) ;
#1332 = CARTESIAN_POINT ( 'NONE',  ( -14.00000000000000178, -5.999999999999998224, -15.00000000000000000 ) ) ;
#1333 = CARTESIAN_POINT ( 'NONE',  ( -11.00000000000000355, 3.000000000000000000, 0.000000000000000000 ) ) ;
#1334 = ORIENTED_EDGE ( 'NONE', *, *, #1741, .T. ) ;
#1335 = DIRECTION ( 'NONE',  ( -0.000000000000000000, 0.000000000000000000, -1.000000000000000000 ) ) ;
#1336 = AXIS2_PLACEMENT_3D ( 'NONE', #1099, #1437, #2029 ) ;
#1337 = EDGE_CURVE ( 'NONE', #1846, #2394, #266, .T. ) ;
#1338 = ADVANCED_FACE ( 'NONE', ( #616 ), #1378, .T. ) ;
#1339 = LINE ( 'NONE', #2098, #724 ) ;
#1340 = CARTESIAN_POINT ( 'NONE',  ( -17.00000000000000000, -0.1000000000000000056, 14.90000000000000036 ) ) ;
#1341 = EDGE_LOOP ( 'NONE', ( #2064, #114 ) ) ;
#1342 = CARTESIAN_POINT ( 'NONE',  ( 9.500000000000001776, 2.999999999999999112, -18.00000000000000000 ) ) ;
#1343 = VECTOR ( 'NONE', #1967, 1000.000000000000000 ) ;
#1344 = DIRECTION ( 'NONE',  ( 0.000000000000000000, 0.000000000000000000, -1.000000000000000000 ) ) ;
#1345 = CARTESIAN_POINT ( 'NONE',  ( -13.99999999999960565, -7.000000000000000000, 3.970466792662529833E-13 ) ) ;
#1346 = LINE ( 'NONE', #2108, #1778 ) ;
#1347 = CARTESIAN_POINT ( 'NONE',  ( 12.80000000000000071, -14.00000000000000533, 15.00000000000000000 ) ) ;
#1348 = AXIS2_PLACEMENT_3D ( 'NONE', #810, #2340, #2362 ) ;
#1349 = ADVANCED_FACE ( 'NONE', ( #2338 ), #84, .F. ) ;
#1350 = CYLINDRICAL_SURFACE ( 'NONE', #1574, 1.750000000000309086 ) ;
#1351 = CIRCLE ( 'NONE', #761, 1.750000000000309086 ) ;
#1352 = CARTESIAN_POINT ( 'NONE',  ( -11.00000000000001066, 2.574980159653073031E-16, -14.90000000000000036 ) ) ;
#1353 = ORIENTED_EDGE ( 'NONE', *, *, #2209, .T. ) ;
#1354 = EDGE_CURVE ( 'NONE', #360, #1846, #1566, .T. ) ;
#1355 = AXIS2_PLACEMENT_3D ( 'NONE', #2094, #950, #1714 ) ;
#1356 = DIRECTION ( 'NONE',  ( 1.000000000000000000, 0.000000000000000000, 0.000000000000000000 ) ) ;
#1357 = AXIS2_PLACEMENT_3D ( 'NONE', #1817, #545, #345 ) ;
#1358 = CARTESIAN_POINT ( 'NONE',  ( 14.00000000000000000, -14.00000000000000533, 15.00000000000000000 ) ) ;
#1359 = DIRECTION ( 'NONE',  ( -1.000000000000000000, -0.000000000000000000, 0.000000000000000000 ) ) ;
#1360 = CARTESIAN_POINT ( 'NONE',  ( 11.00000000000000178, -16.99999999999999289, -20.86697645467206641 ) ) ;
#1361 = EDGE_CURVE ( 'NONE', #60, #1288, #1581, .T. ) ;
#1362 = DIRECTION ( 'NONE',  ( 0.000000000000000000, 0.000000000000000000, 1.000000000000000000 ) ) ;
#1363 = ORIENTED_EDGE ( 'NONE', *, *, #2000, .F. ) ;
#1364 = CARTESIAN_POINT ( 'NONE',  ( 11.00000000000000355, 3.000000000000000000, 0.000000000000000000 ) ) ;
#1365 = FACE_BOUND ( 'NONE', #442, .T. ) ;
#1366 = EDGE_LOOP ( 'NONE', ( #2294, #1204, #736, #1857 ) ) ;
#1367 = FACE_OUTER_BOUND ( 'NONE', #1886, .T. ) ;
#1368 = CARTESIAN_POINT ( 'NONE',  ( 9.500000000000001776, -99.03534722511957966, 18.00000000000000000 ) ) ;
#1369 = CARTESIAN_POINT ( 'NONE',  ( 17.00000000000000711, -0.1000000000000000056, -14.90000000000000036 ) ) ;
#1370 = ORIENTED_EDGE ( 'NONE', *, *, #2000, .T. ) ;
#1371 = ORIENTED_EDGE ( 'NONE', *, *, #1732, .T. ) ;
#1372 = EDGE_CURVE ( 'NONE', #565, #932, #1690, .T. ) ;
#1373 = CARTESIAN_POINT ( 'NONE',  ( 3.469446951953614189E-15, 3.000000000000000000, -11.49999999999999645 ) ) ;
#1374 = CYLINDRICAL_SURFACE ( 'NONE', #1509, 1.199999999999999734 ) ;
#1375 = EDGE_CURVE ( 'NONE', #1998, #393, #386, .T. ) ;
#1376 = LINE ( 'NONE', #2138, #2384 ) ;
#1377 = VECTOR ( 'NONE', #351, 1000.000000000000000 ) ;
#1378 = PLANE ( 'NONE',  #2100 ) ;
#1379 = VECTOR ( 'NONE', #1777, 1000.000000000000000 ) ;
#1380 = CIRCLE ( 'NONE', #2099, 11.50000000000000000 ) ;
#1381 = EDGE_CURVE ( 'NONE', #1760, #1124, #813, .T. ) ;
#1382 = PLANE ( 'NONE',  #1654 ) ;
#1383 = VERTEX_POINT ( 'NONE', #1197 ) ;
#1384 = CARTESIAN_POINT ( 'NONE',  ( -9.500000000000001776, -2.775557561562891351E-14, 13.39999999999999858 ) ) ;
#1385 = VERTEX_POINT ( 'NONE', #1791 ) ;
#1386 = VECTOR ( 'NONE', #1798, 1000.000000000000000 ) ;
#1387 = EDGE_CURVE ( 'NONE', #1124, #99, #1176, .T. ) ;
#1388 = VECTOR ( 'NONE', #1558, 1000.000000000000000 ) ;
#1389 = DIRECTION ( 'NONE',  ( -1.000000000000000000, 0.000000000000000000, 0.000000000000000000 ) ) ;
#1390 = DIRECTION ( 'NONE',  ( 0.000000000000000000, 0.000000000000000000, 1.000000000000000000 ) ) ;
#1391 = CARTESIAN_POINT ( 'NONE',  ( -17.00000000000000000, 2.999999999999999556, -14.90000000000000036 ) ) ;
#1392 = CARTESIAN_POINT ( 'NONE',  ( 14.00000000000039613, -7.000000000000000000, 1.749999999999913625 ) ) ;
#1393 = VECTOR ( 'NONE', #1465, 1000.000000000000000 ) ;
#1394 = CARTESIAN_POINT ( 'NONE',  ( -13.99999999999960565, 0.000000000000000000, 3.970466792662529833E-13 ) ) ;
#1395 = DIRECTION ( 'NONE',  ( 0.000000000000000000, 0.000000000000000000, 1.000000000000000000 ) ) ;
#1396 = VERTEX_POINT ( 'NONE', #58 ) ;
#1397 = CARTESIAN_POINT ( 'NONE',  ( 11.00000000000000178, -16.99999999999999289, 20.86697645467206641 ) ) ;
#1398 = VECTOR ( 'NONE', #1021, 1000.000000000000000 ) ;
#1399 = EDGE_LOOP ( 'NONE', ( #1370, #1676, #797, #887 ) ) ;
#1400 = CARTESIAN_POINT ( 'NONE',  ( -82.51853668584740831, -0.1000000000000000056, -14.90000000000000036 ) ) ;
#1401 = EDGE_CURVE ( 'NONE', #1601, #1246, #2139, .T. ) ;
#1402 = DIRECTION ( 'NONE',  ( 0.000000000000000000, 0.000000000000000000, 1.000000000000000000 ) ) ;
#1403 = CARTESIAN_POINT ( 'NONE',  ( 11.00000000000000355, -0.1000000000000000056, -14.90000000000000036 ) ) ;
#1404 = DIRECTION ( 'NONE',  ( -1.000000000000000000, -0.000000000000000000, -0.000000000000000000 ) ) ;
#1405 = LINE ( 'NONE', #219, #1542 ) ;
#1406 = VERTEX_POINT ( 'NONE', #1554 ) ;
#1407 = EDGE_CURVE ( 'NONE', #708, #600, #1544, .T. ) ;
#1408 = CARTESIAN_POINT ( 'NONE',  ( -13.99999999999960565, 3.000000000000000000, 1.750000000001032507 ) ) ;
#1409 = ORIENTED_EDGE ( 'NONE', *, *, #1279, .T. ) ;
#1410 = FACE_BOUND ( 'NONE', #1063, .T. ) ;
#1411 = DIRECTION ( 'NONE',  ( 0.000000000000000000, 0.000000000000000000, -1.000000000000000000 ) ) ;
#1412 = DIRECTION ( 'NONE',  ( 0.000000000000000000, 0.000000000000000000, 1.000000000000000000 ) ) ;
#1413 = DIRECTION ( 'NONE',  ( 0.000000000000000000, 0.000000000000000000, 1.000000000000000000 ) ) ;
#1414 = CARTESIAN_POINT ( 'NONE',  ( -14.00000000000000178, -5.999999999999998224, 18.00000000000000000 ) ) ;
#1415 = ORIENTED_EDGE ( 'NONE', *, *, #1381, .T. ) ;
#1416 = DIRECTION ( 'NONE',  ( 0.000000000000000000, 1.000000000000000000, 0.000000000000000000 ) ) ;
#1417 = ORIENTED_EDGE ( 'NONE', *, *, #220, .T. ) ;
#1418 = CIRCLE ( 'NONE', #1260, 1.750000000000849765 ) ;
#1419 = FACE_OUTER_BOUND ( 'NONE', #2329, .T. ) ;
#1420 = ORIENTED_EDGE ( 'NONE', *, *, #1518, .T. ) ;
#1421 = VECTOR ( 'NONE', #2030, 1000.000000000000000 ) ;
#1422 = DIRECTION ( 'NONE',  ( 0.000000000000000000, 0.000000000000000000, -1.000000000000000000 ) ) ;
#1423 = AXIS2_PLACEMENT_3D ( 'NONE', #547, #697, #1066 ) ;
#1424 = CARTESIAN_POINT ( 'NONE',  ( 9.500000000000001776, -2.775557561562891351E-14, 13.39999999999999858 ) ) ;
#1425 = FACE_OUTER_BOUND ( 'NONE', #1234, .T. ) ;
#1426 = ORIENTED_EDGE ( 'NONE', *, *, #1571, .F. ) ;
#1427 = AXIS2_PLACEMENT_3D ( 'NONE', #623, #1938, #833 ) ;
#1428 = CARTESIAN_POINT ( 'NONE',  ( 9.500000000000001776, -99.03534722511957966, 13.39999999999999858 ) ) ;
#1429 = ORIENTED_EDGE ( 'NONE', *, *, #815, .T. ) ;
#1430 = CARTESIAN_POINT ( 'NONE',  ( 0.000000000000000000, 0.000000000000000000, -13.39999999999999858 ) ) ;
#1431 = EDGE_CURVE ( 'NONE', #1278, #722, #640, .T. ) ;
#1432 = AXIS2_PLACEMENT_3D ( 'NONE', #1919, #569, #602 ) ;
#1433 = LINE ( 'NONE', #1301, #1942 ) ;
#1434 = ORIENTED_EDGE ( 'NONE', *, *, #1852, .T. ) ;
#1435 = CARTESIAN_POINT ( 'NONE',  ( -15.20000000000000107, -5.999999999999998224, 7.999999999999998224 ) ) ;
#1436 = EDGE_CURVE ( 'NONE', #1056, #2458, #2150, .T. ) ;
#1437 = DIRECTION ( 'NONE',  ( 1.000000000000000000, 0.000000000000000000, 0.000000000000000000 ) ) ;
#1438 = ORIENTED_EDGE ( 'NONE', *, *, #783, .F. ) ;
#1439 = ORIENTED_EDGE ( 'NONE', *, *, #893, .F. ) ;
#1440 = CARTESIAN_POINT ( 'NONE',  ( 7.906643474948931805E-13, 3.000000000000000000, 14.00000000000000000 ) ) ;
#1441 = ORIENTED_EDGE ( 'NONE', *, *, #783, .T. ) ;
#1442 = LINE ( 'NONE', #1636, #1951 ) ;
#1443 = CARTESIAN_POINT ( 'NONE',  ( -17.00000000000000000, -16.99999999999999289, 20.86697645467206641 ) ) ;
#1444 = ORIENTED_EDGE ( 'NONE', *, *, #693, .F. ) ;
#1445 = CARTESIAN_POINT ( 'NONE',  ( -13.99999999999960565, -7.000000000000000000, -1.750000000000238254 ) ) ;
#1446 = AXIS2_PLACEMENT_3D ( 'NONE', #984, #1977, #2164 ) ;
#1447 = ADVANCED_FACE ( 'NONE', ( #666 ), #1931, .F. ) ;
#1448 = LINE ( 'NONE', #314, #1766 ) ;
#1449 = EDGE_CURVE ( 'NONE', #1383, #1785, #1887, .T. ) ;
#1450 = CARTESIAN_POINT ( 'NONE',  ( -14.00000000000000355, -14.00000000000000533, 15.00000000000000000 ) ) ;
#1451 = ORIENTED_EDGE ( 'NONE', *, *, #1957, .T. ) ;
#1452 = LINE ( 'NONE', #705, #689 ) ;
#1453 = EDGE_CURVE ( 'NONE', #1075, #1655, #1853, .T. ) ;
#1454 = CARTESIAN_POINT ( 'NONE',  ( 9.500000000000001776, 3.000000000000000000, -13.39999999999999858 ) ) ;
#1455 = VECTOR ( 'NONE', #1070, 1000.000000000000000 ) ;
#1456 = AXIS2_PLACEMENT_3D ( 'NONE', #964, #951, #1510 ) ;
#1457 = EDGE_LOOP ( 'NONE', ( #53, #1498 ) ) ;
#1458 = VECTOR ( 'NONE', #577, 1000.000000000000000 ) ;
#1459 = LINE ( 'NONE', #311, #711 ) ;
#1460 = VECTOR ( 'NONE', #1077, 1000.000000000000000 ) ;
#1461 = FACE_BOUND ( 'NONE', #627, .T. ) ;
#1462 = VECTOR ( 'NONE', #1144, 1000.000000000000000 ) ;
#1463 = PLANE ( 'NONE',  #2337 ) ;
#1464 = ORIENTED_EDGE ( 'NONE', *, *, #1227, .F. ) ;
#1465 = DIRECTION ( 'NONE',  ( -0.000000000000000000, 1.000000000000000000, -0.000000000000000000 ) ) ;
#1466 = VERTEX_POINT ( 'NONE', #2039 ) ;
#1467 = DIRECTION ( 'NONE',  ( 0.000000000000000000, 0.000000000000000000, -1.000000000000000000 ) ) ;
#1468 = FACE_OUTER_BOUND ( 'NONE', #174, .T. ) ;
#1469 = ORIENTED_EDGE ( 'NONE', *, *, #751, .T. ) ;
#1470 = DIRECTION ( 'NONE',  ( 1.000000000000000000, 0.000000000000000000, 0.000000000000000000 ) ) ;
#1471 = ORIENTED_EDGE ( 'NONE', *, *, #968, .F. ) ;
#1472 = ORIENTED_EDGE ( 'NONE', *, *, #836, .T. ) ;
#1473 = EDGE_CURVE ( 'NONE', #215, #2435, #2200, .T. ) ;
#1474 = CARTESIAN_POINT ( 'NONE',  ( -17.00000000000000000, -0.1000000000000028644, -15.00000000000000000 ) ) ;
#1475 = DIRECTION ( 'NONE',  ( -1.000000000000000000, 0.000000000000000000, 0.000000000000000000 ) ) ;
#1476 = EDGE_LOOP ( 'NONE', ( #1415, #1098, #1591, #557 ) ) ;
#1477 = LINE ( 'NONE', #2056, #1711 ) ;
#1478 = CARTESIAN_POINT ( 'NONE',  ( -12.80000000000000426, -14.00000000000000533, -7.999999999999998224 ) ) ;
#1479 = ADVANCED_FACE ( 'NONE', ( #1657 ), #1282, .F. ) ;
#1480 = DIRECTION ( 'NONE',  ( 0.000000000000000000, 0.000000000000000000, 1.000000000000000000 ) ) ;
#1481 = ORIENTED_EDGE ( 'NONE', *, *, #1556, .F. ) ;
#1482 = DIRECTION ( 'NONE',  ( 1.000000000000000000, 0.000000000000000000, 0.000000000000000000 ) ) ;
#1483 = ORIENTED_EDGE ( 'NONE', *, *, #595, .F. ) ;
#1484 = FACE_OUTER_BOUND ( 'NONE', #1117, .T. ) ;
#1485 = ORIENTED_EDGE ( 'NONE', *, *, #2297, .F. ) ;
#1486 = DIRECTION ( 'NONE',  ( 1.000000000000000000, 0.000000000000000000, 0.000000000000000000 ) ) ;
#1487 = ORIENTED_EDGE ( 'NONE', *, *, #735, .T. ) ;
#1488 = CARTESIAN_POINT ( 'NONE',  ( -11.00000000000001066, 2.574980159653073031E-16, 14.90000000000000036 ) ) ;
#1489 = CARTESIAN_POINT ( 'NONE',  ( -17.00000000000000000, -0.09999999999999882594, -18.00000000000000000 ) ) ;
#1490 = ORIENTED_EDGE ( 'NONE', *, *, #2184, .F. ) ;
#1491 = CARTESIAN_POINT ( 'NONE',  ( 14.00000000000000178, -5.999999999999998224, -7.999999999999998224 ) ) ;
#1492 = VERTEX_POINT ( 'NONE', #2385 ) ;
#1493 = ORIENTED_EDGE ( 'NONE', *, *, #1660, .F. ) ;
#1494 = CIRCLE ( 'NONE', #824, 1.199999999999999734 ) ;
#1495 = CARTESIAN_POINT ( 'NONE',  ( -17.00000000000000000, -17.00000000000000000, -18.00000000000000000 ) ) ;
#1496 = LINE ( 'NONE', #975, #2312 ) ;
#1497 = CARTESIAN_POINT ( 'NONE',  ( 14.00000000000039613, 3.000000000000000000, -1.750000000000704325 ) ) ;
#1498 = ORIENTED_EDGE ( 'NONE', *, *, #1375, .F. ) ;
#1499 = AXIS2_PLACEMENT_3D ( 'NONE', #2122, #610, #596 ) ;
#1500 = DIRECTION ( 'NONE',  ( 0.000000000000000000, 1.000000000000000000, 0.000000000000000000 ) ) ;
#1501 = AXIS2_PLACEMENT_3D ( 'NONE', #901, #2437, #80 ) ;
#1502 = CARTESIAN_POINT ( 'NONE',  ( 15.20000000000000107, -5.999999999999998224, -15.00000000000000000 ) ) ;
#1503 = ORIENTED_EDGE ( 'NONE', *, *, #1556, .T. ) ;
#1504 = ORIENTED_EDGE ( 'NONE', *, *, #1473, .T. ) ;
#1505 = CIRCLE ( 'NONE', #441, 0.09999999999999939493 ) ;
#1506 = DIRECTION ( 'NONE',  ( -1.000000000000000000, 0.000000000000000000, 0.000000000000000000 ) ) ;
#1507 = ADVANCED_FACE ( 'NONE', ( #2375, #2398, #2174, #156, #1461, #1990 ), #1618, .F. ) ;
#1508 = FACE_BOUND ( 'NONE', #720, .T. ) ;
#1509 = AXIS2_PLACEMENT_3D ( 'NONE', #1713, #973, #29 ) ;
#1510 = DIRECTION ( 'NONE',  ( 1.020425574104004246E-16, -1.000000000000000000, -6.123233995736766036E-17 ) ) ;
#1511 = EDGE_LOOP ( 'NONE', ( #143, #2438, #2053, #1637 ) ) ;
#1512 = CARTESIAN_POINT ( 'NONE',  ( -17.00000000000000000, -17.00000000000000000, 14.99999999999999822 ) ) ;
#1513 = DIRECTION ( 'NONE',  ( 0.000000000000000000, 0.000000000000000000, 1.000000000000000000 ) ) ;
#1514 = DIRECTION ( 'NONE',  ( -0.000000000000000000, -1.000000000000000000, -0.000000000000000000 ) ) ;
#1515 = ORIENTED_EDGE ( 'NONE', *, *, #641, .F. ) ;
#1516 = FACE_BOUND ( 'NONE', #546, .T. ) ;
#1517 = CARTESIAN_POINT ( 'NONE',  ( 11.00000000000000355, 0.000000000000000000, 0.000000000000000000 ) ) ;
#1518 = EDGE_CURVE ( 'NONE', #2225, #2345, #585, .T. ) ;
#1519 = CARTESIAN_POINT ( 'NONE',  ( 0.000000000000000000, 3.000000000000000000, -14.00000000000000000 ) ) ;
#1520 = ADVANCED_FACE ( 'NONE', ( #510 ), #118, .T. ) ;
#1521 = CARTESIAN_POINT ( 'NONE',  ( -11.00000000000000355, -99.03534722511957966, 0.000000000000000000 ) ) ;
#1522 = ORIENTED_EDGE ( 'NONE', *, *, #515, .T. ) ;
#1523 = DIRECTION ( 'NONE',  ( 0.000000000000000000, 0.000000000000000000, -1.000000000000000000 ) ) ;
#1524 = AXIS2_PLACEMENT_3D ( 'NONE', #1814, #2013, #1073 ) ;
#1525 = DIRECTION ( 'NONE',  ( 0.000000000000000000, 0.000000000000000000, 1.000000000000000000 ) ) ;
#1526 = EDGE_CURVE ( 'NONE', #1974, #1246, #2206, .T. ) ;
#1527 = ORIENTED_EDGE ( 'NONE', *, *, #660, .F. ) ;
#1528 = CARTESIAN_POINT ( 'NONE',  ( 11.00000000000000355, -0.1000000000000062644, -18.00000000000000000 ) ) ;
#1529 = EDGE_CURVE ( 'NONE', #221, #541, #1142, .T. ) ;
#1530 = LINE ( 'NONE', #1517, #254 ) ;
#1531 = DIRECTION ( 'NONE',  ( 1.000000000000000000, 0.000000000000000000, 0.000000000000000000 ) ) ;
#1532 = VECTOR ( 'NONE', #1927, 1000.000000000000000 ) ;
#1533 = CARTESIAN_POINT ( 'NONE',  ( 11.00000000000000178, -0.1000000000000028644, -20.86697645467206641 ) ) ;
#1534 = DIRECTION ( 'NONE',  ( -1.000000000000000000, 0.000000000000000000, 0.000000000000000000 ) ) ;
#1535 = AXIS2_PLACEMENT_3D ( 'NONE', #1369, #1404, #438 ) ;
#1536 = CARTESIAN_POINT ( 'NONE',  ( 7.906643474948931805E-13, 0.000000000000000000, 14.00000000000000000 ) ) ;
#1537 = ORIENTED_EDGE ( 'NONE', *, *, #1033, .F. ) ;
#1538 = CIRCLE ( 'NONE', #1871, 1.199999999999999734 ) ;
#1539 = DIRECTION ( 'NONE',  ( 0.000000000000000000, 0.000000000000000000, -1.000000000000000000 ) ) ;
#1540 = FACE_BOUND ( 'NONE', #2096, .T. ) ;
#1541 = VECTOR ( 'NONE', #31, 1000.000000000000000 ) ;
#1542 = VECTOR ( 'NONE', #2166, 1000.000000000000000 ) ;
#1543 = DIRECTION ( 'NONE',  ( 1.000000000000000000, 0.000000000000000000, 0.000000000000000000 ) ) ;
#1544 = LINE ( 'NONE', #1368, #68 ) ;
#1545 = DIRECTION ( 'NONE',  ( -0.000000000000000000, 0.000000000000000000, 1.000000000000000000 ) ) ;
#1546 = ORIENTED_EDGE ( 'NONE', *, *, #1431, .T. ) ;
#1547 = EDGE_CURVE ( 'NONE', #957, #1385, #1448, .T. ) ;
#1548 = EDGE_CURVE ( 'NONE', #842, #1865, #1825, .T. ) ;
#1549 = ORIENTED_EDGE ( 'NONE', *, *, #95, .T. ) ;
#1550 = FACE_OUTER_BOUND ( 'NONE', #863, .T. ) ;
#1551 = DIRECTION ( 'NONE',  ( 0.000000000000000000, 0.000000000000000000, -1.000000000000000000 ) ) ;
#1552 = EDGE_CURVE ( 'NONE', #432, #1060, #713, .T. ) ;
#1553 = DIRECTION ( 'NONE',  ( 0.000000000000000000, 0.000000000000000000, 1.000000000000000000 ) ) ;
#1554 = CARTESIAN_POINT ( 'NONE',  ( -15.20000000000000284, -14.00000000000000533, 15.00000000000000000 ) ) ;
#1555 = LINE ( 'NONE', #2141, #715 ) ;
#1556 = EDGE_CURVE ( 'NONE', #1785, #1092, #1632, .T. ) ;
#1557 = ORIENTED_EDGE ( 'NONE', *, *, #1929, .T. ) ;
#1558 = DIRECTION ( 'NONE',  ( 1.000000000000000000, -0.000000000000000000, -0.000000000000000000 ) ) ;
#1559 = ORIENTED_EDGE ( 'NONE', *, *, #1800, .F. ) ;
#1560 = ADVANCED_FACE ( 'NONE', ( #1425 ), #326, .T. ) ;
#1561 = LINE ( 'NONE', #785, #1532 ) ;
#1562 = DIRECTION ( 'NONE',  ( 1.000000000000000000, 0.000000000000000000, 0.000000000000000000 ) ) ;
#1563 = CARTESIAN_POINT ( 'NONE',  ( 11.00000000000000000, -17.00000000000000000, -20.86697645467206641 ) ) ;
#1564 = AXIS2_PLACEMENT_3D ( 'NONE', #1400, #456, #1422 ) ;
#1565 = FACE_OUTER_BOUND ( 'NONE', #1305, .T. ) ;
#1566 = CIRCLE ( 'NONE', #1896, 0.09999999999999939493 ) ;
#1567 = AXIS2_PLACEMENT_3D ( 'NONE', #2333, #807, #1539 ) ;
#1568 = DIRECTION ( 'NONE',  ( -0.000000000000000000, 0.000000000000000000, -1.000000000000000000 ) ) ;
#1569 = VECTOR ( 'NONE', #768, 1000.000000000000000 ) ;
#1570 = ORIENTED_EDGE ( 'NONE', *, *, #974, .T. ) ;
#1571 = EDGE_CURVE ( 'NONE', #1619, #360, #1244, .T. ) ;
#1572 = CARTESIAN_POINT ( 'NONE',  ( 17.00000000000000711, 2.574980159653073031E-16, -14.90000000000000036 ) ) ;
#1573 = ORIENTED_EDGE ( 'NONE', *, *, #1580, .T. ) ;
#1574 = AXIS2_PLACEMENT_3D ( 'NONE', #203, #2298, #1513 ) ;
#1575 = CARTESIAN_POINT ( 'NONE',  ( -11.00000000000000355, -17.00000000000000000, 18.00000000000000000 ) ) ;
#1576 = DIRECTION ( 'NONE',  ( 0.000000000000000000, 0.000000000000000000, -1.000000000000000000 ) ) ;
#1577 = ORIENTED_EDGE ( 'NONE', *, *, #1827, .F. ) ;
#1578 = VECTOR ( 'NONE', #1650, 1000.000000000000000 ) ;
#1579 = CARTESIAN_POINT ( 'NONE',  ( 17.00000000000000000, -0.1000000000000028644, -17.99999999999999645 ) ) ;
#1580 = EDGE_CURVE ( 'NONE', #478, #1492, #303, .T. ) ;
#1581 = LINE ( 'NONE', #1738, #508 ) ;
#1582 = ADVANCED_FACE ( 'NONE', ( #211 ), #2051, .F. ) ;
#1583 = VECTOR ( 'NONE', #331, 1000.000000000000000 ) ;
#1584 = CARTESIAN_POINT ( 'NONE',  ( -17.00000000000000000, 3.000000000000002665, -14.90000000000000036 ) ) ;
#1585 = DIRECTION ( 'NONE',  ( -1.020425574104004246E-16, 1.000000000000000000, 0.000000000000000000 ) ) ;
#1586 = ORIENTED_EDGE ( 'NONE', *, *, #515, .F. ) ;
#1587 = DIRECTION ( 'NONE',  ( -0.000000000000000000, 0.000000000000000000, -1.000000000000000000 ) ) ;
#1588 = ORIENTED_EDGE ( 'NONE', *, *, #688, .F. ) ;
#1589 = CARTESIAN_POINT ( 'NONE',  ( -13.99999999999960565, 0.000000000000000000, -1.750000000000238254 ) ) ;
#1590 = FACE_OUTER_BOUND ( 'NONE', #750, .T. ) ;
#1591 = ORIENTED_EDGE ( 'NONE', *, *, #849, .T. ) ;
#1592 = DIRECTION ( 'NONE',  ( -0.000000000000000000, 1.000000000000000000, -0.000000000000000000 ) ) ;
#1593 = DIRECTION ( 'NONE',  ( 0.000000000000000000, 0.000000000000000000, 1.000000000000000000 ) ) ;
#1594 = ADVANCED_FACE ( 'NONE', ( #1114, #588, #1516 ), #28, .T. ) ;
#1595 = CARTESIAN_POINT ( 'NONE',  ( 9.500000000000001776, -2.775557561562891351E-14, -18.00000000000000000 ) ) ;
#1596 = ORIENTED_EDGE ( 'NONE', *, *, #206, .F. ) ;
#1597 = CARTESIAN_POINT ( 'NONE',  ( -11.00000000000000355, -0.1000000000000028644, -20.86697645467206641 ) ) ;
#1598 = VERTEX_POINT ( 'NONE', #1342 ) ;
#1599 = LINE ( 'NONE', #2182, #519 ) ;
#1600 = EDGE_CURVE ( 'NONE', #1237, #476, #1683, .T. ) ;
#1601 = VERTEX_POINT ( 'NONE', #754 ) ;
#1602 = DIRECTION ( 'NONE',  ( 0.000000000000000000, 0.000000000000000000, 1.000000000000000000 ) ) ;
#1603 = DIRECTION ( 'NONE',  ( 0.000000000000000000, 0.000000000000000000, 1.000000000000000000 ) ) ;
#1604 = DIRECTION ( 'NONE',  ( -1.000000000000000000, 0.000000000000000000, 0.000000000000000000 ) ) ;
#1605 = ADVANCED_FACE ( 'NONE', ( #1712 ), #1724, .T. ) ;
#1606 = DIRECTION ( 'NONE',  ( 0.000000000000000000, 0.000000000000000000, 1.000000000000000000 ) ) ;
#1607 = ORIENTED_EDGE ( 'NONE', *, *, #2449, .T. ) ;
#1608 = DIRECTION ( 'NONE',  ( 0.000000000000000000, 1.000000000000000000, 0.000000000000000000 ) ) ;
#1609 = VERTEX_POINT ( 'NONE', #1136 ) ;
#1610 = LINE ( 'NONE', #1796, #2148 ) ;
#1611 = ORIENTED_EDGE ( 'NONE', *, *, #1050, .F. ) ;
#1612 = AXIS2_PLACEMENT_3D ( 'NONE', #1875, #539, #1707 ) ;
#1613 = DIRECTION ( 'NONE',  ( -0.000000000000000000, 1.000000000000000000, -0.000000000000000000 ) ) ;
#1614 = ADVANCED_FACE ( 'NONE', ( #2442 ), #947, .T. ) ;
#1615 = ORIENTED_EDGE ( 'NONE', *, *, #1177, .T. ) ;
#1616 = CARTESIAN_POINT ( 'NONE',  ( -17.00000000000000000, 3.000000000000000000, 18.00000000000000000 ) ) ;
#1617 = CIRCLE ( 'NONE', #2269, 1.199999999999999734 ) ;
#1618 = PLANE ( 'NONE',  #1642 ) ;
#1619 = VERTEX_POINT ( 'NONE', #960 ) ;
#1620 = LINE ( 'NONE', #703, #1460 ) ;
#1621 = EDGE_LOOP ( 'NONE', ( #1071, #2212, #1146, #1297 ) ) ;
#1622 = FACE_BOUND ( 'NONE', #1799, .T. ) ;
#1623 = ORIENTED_EDGE ( 'NONE', *, *, #769, .T. ) ;
#1624 = PRODUCT_DEFINITION_FORMATION_WITH_SPECIFIED_SOURCE ( '‰ª', '', #1705, .NOT_KNOWN. ) ;
#1625 = CARTESIAN_POINT ( 'NONE',  ( 11.00000000000000355, -99.03534722511957966, -14.90000000000000036 ) ) ;
#1626 = ORIENTED_EDGE ( 'NONE', *, *, #1449, .F. ) ;
#1627 = EDGE_CURVE ( 'NONE', #2345, #110, #378, .T. ) ;
#1628 = VECTOR ( 'NONE', #42, 1000.000000000000000 ) ;
#1629 = EDGE_CURVE ( 'NONE', #806, #2392, #2243, .T. ) ;
#1630 = DIRECTION ( 'NONE',  ( -0.000000000000000000, 1.000000000000000000, -0.000000000000000000 ) ) ;
#1631 = VERTEX_POINT ( 'NONE', #1878 ) ;
#1632 = LINE ( 'NONE', #1267, #398 ) ;
#1633 = ORIENTED_EDGE ( 'NONE', *, *, #61, .F. ) ;
#1634 = CARTESIAN_POINT ( 'NONE',  ( -17.00000000000000000, -0.1000000000000000056, -14.90000000000000036 ) ) ;
#1635 = VERTEX_POINT ( 'NONE', #222 ) ;
#1636 = CARTESIAN_POINT ( 'NONE',  ( 12.80000000000000071, -14.00000000000000533, 7.999999999999998224 ) ) ;
#1637 = ORIENTED_EDGE ( 'NONE', *, *, #2408, .T. ) ;
#1638 = LINE ( 'NONE', #1678, #2142 ) ;
#1639 = EDGE_CURVE ( 'NONE', #2345, #2225, #1029, .T. ) ;
#1640 = ORIENTED_EDGE ( 'NONE', *, *, #95, .F. ) ;
#1641 = CARTESIAN_POINT ( 'NONE',  ( 12.80000000000000071, -14.00000000000000533, 18.00000000000000000 ) ) ;
#1642 = AXIS2_PLACEMENT_3D ( 'NONE', #2428, #870, #2211 ) ;
#1643 = DIRECTION ( 'NONE',  ( 0.000000000000000000, 0.000000000000000000, 1.000000000000000000 ) ) ;
#1644 = DIRECTION ( 'NONE',  ( 1.000000000000000000, 0.000000000000000000, 0.000000000000000000 ) ) ;
#1645 = ORIENTED_EDGE ( 'NONE', *, *, #2028, .T. ) ;
#1646 = PLANE ( 'NONE',  #767 ) ;
#1647 = VERTEX_POINT ( 'NONE', #2280 ) ;
#1648 = FACE_OUTER_BOUND ( 'NONE', #1181, .T. ) ;
#1649 = AXIS2_PLACEMENT_3D ( 'NONE', #956, #1145, #1482 ) ;
#1650 = DIRECTION ( 'NONE',  ( -1.000000000000000000, 0.000000000000000000, 0.000000000000000000 ) ) ;
#1651 = ORIENTED_EDGE ( 'NONE', *, *, #1548, .T. ) ;
#1652 = ADVANCED_FACE ( 'NONE', ( #567 ), #1866, .F. ) ;
#1653 = CYLINDRICAL_SURFACE ( 'NONE', #1649, 1.199999999999999734 ) ;
#1654 = AXIS2_PLACEMENT_3D ( 'NONE', #85, #1979, #804 ) ;
#1655 = VERTEX_POINT ( 'NONE', #186 ) ;
#1656 = ORIENTED_EDGE ( 'NONE', *, *, #2433, .T. ) ;
#1657 = FACE_OUTER_BOUND ( 'NONE', #286, .T. ) ;
#1658 = EDGE_CURVE ( 'NONE', #1820, #1324, #4, .T. ) ;
#1659 = CIRCLE ( 'NONE', #1704, 3.099999999999998757 ) ;
#1660 = EDGE_CURVE ( 'NONE', #64, #1803, #1294, .T. ) ;
#1661 = CARTESIAN_POINT ( 'NONE',  ( 17.00000000000000000, -17.00000000000000000, -18.00000000000000000 ) ) ;
#1662 = ORIENTED_EDGE ( 'NONE', *, *, #1849, .F. ) ;
#1663 = DIRECTION ( 'NONE',  ( -0.000000000000000000, 0.000000000000000000, 1.000000000000000000 ) ) ;
#1664 = ORIENTED_EDGE ( 'NONE', *, *, #125, .T. ) ;
#1665 = CIRCLE ( 'NONE', #173, 1.199999999999999734 ) ;
#1666 = DIRECTION ( 'NONE',  ( -0.000000000000000000, 1.000000000000000000, -0.000000000000000000 ) ) ;
#1667 = AXIS2_PLACEMENT_3D ( 'NONE', #1332, #224, #2292 ) ;
#1668 = VECTOR ( 'NONE', #1663, 1000.000000000000000 ) ;
#1669 = FACE_OUTER_BOUND ( 'NONE', #1670, .T. ) ;
#1670 = EDGE_LOOP ( 'NONE', ( #1417, #493, #2198, #990 ) ) ;
#1671 = CARTESIAN_POINT ( 'NONE',  ( -11.00000000000000355, 0.000000000000000000, 18.00000000000000000 ) ) ;
#1672 = ORIENTED_EDGE ( 'NONE', *, *, #1171, .T. ) ;
#1673 = PLANE ( 'NONE',  #1900 ) ;
#1674 = ORIENTED_EDGE ( 'NONE', *, *, #16, .T. ) ;
#1675 = DIRECTION ( 'NONE',  ( 0.000000000000000000, 0.000000000000000000, 1.000000000000000000 ) ) ;
#1676 = ORIENTED_EDGE ( 'NONE', *, *, #1033, .T. ) ;
#1677 = CARTESIAN_POINT ( 'NONE',  ( 0.000000000000000000, 0.000000000000000000, 0.000000000000000000 ) ) ;
#1678 = CARTESIAN_POINT ( 'NONE',  ( -13.99999999999960565, -7.000000000000000000, 1.750000000001032507 ) ) ;
#1679 = ORIENTED_EDGE ( 'NONE', *, *, #2317, .F. ) ;
#1680 = FACE_OUTER_BOUND ( 'NONE', #548, .T. ) ;
#1681 = ORIENTED_EDGE ( 'NONE', *, *, #2052, .T. ) ;
#1682 = VERTEX_POINT ( 'NONE', #1331 ) ;
#1683 = LINE ( 'NONE', #1474, #2302 ) ;
#1684 = CARTESIAN_POINT ( 'NONE',  ( 4.877790770973069970E-15, 0.000000000000000000, 11.50000000000000355 ) ) ;
#1685 = ADVANCED_FACE ( 'NONE', ( #926 ), #1673, .F. ) ;
#1686 = DIRECTION ( 'NONE',  ( 0.000000000000000000, 1.000000000000000000, 0.000000000000000000 ) ) ;
#1687 = ORIENTED_EDGE ( 'NONE', *, *, #2365, .F. ) ;
#1688 = CARTESIAN_POINT ( 'NONE',  ( 17.00000000000000000, -17.00000000000000000, 14.99999999999999822 ) ) ;
#1689 = VECTOR ( 'NONE', #387, 1000.000000000000000 ) ;
#1690 = CIRCLE ( 'NONE', #2091, 3.099999999999998757 ) ;
#1691 = ADVANCED_FACE ( 'NONE', ( #1484 ), #2257, .F. ) ;
#1692 = CARTESIAN_POINT ( 'NONE',  ( 0.000000000000000000, 0.000000000000000000, -14.00000000000000000 ) ) ;
#1693 = ORIENTED_EDGE ( 'NONE', *, *, #1228, .F. ) ;
#1694 = VERTEX_POINT ( 'NONE', #795 ) ;
#1695 = AXIS2_PLACEMENT_3D ( 'NONE', #551, #1698, #775 ) ;
#1696 = VECTOR ( 'NONE', #2368, 1000.000000000000000 ) ;
#1697 = AXIS2_PLACEMENT_3D ( 'NONE', #732, #1255, #2054 ) ;
#1698 = DIRECTION ( 'NONE',  ( -1.000000000000000000, -0.000000000000000000, 0.000000000000000000 ) ) ;
#1699 = CARTESIAN_POINT ( 'NONE',  ( 14.00000000000000000, -14.00000000000000533, -15.00000000000000000 ) ) ;
#1700 = DIRECTION ( 'NONE',  ( 0.000000000000000000, 1.000000000000000000, 0.000000000000000000 ) ) ;
#1701 = EDGE_LOOP ( 'NONE', ( #2421, #898 ) ) ;
#1702 = FACE_OUTER_BOUND ( 'NONE', #1621, .T. ) ;
#1703 = AXIS2_PLACEMENT_3D ( 'NONE', #89, #2157, #812 ) ;
#1704 = AXIS2_PLACEMENT_3D ( 'NONE', #2285, #11, #1743 ) ;
#1705 = PRODUCT ( '\X2\652f67b6\X0\', '\X2\652f67b6\X0\', '', ( #996 ) ) ;
#1706 = DIRECTION ( 'NONE',  ( 0.000000000000000000, 0.000000000000000000, -1.000000000000000000 ) ) ;
#1707 = DIRECTION ( 'NONE',  ( -1.000000000000000000, 0.000000000000000000, 0.000000000000000000 ) ) ;
#1708 = ADVANCED_FACE ( 'NONE', ( #601 ), #2146, .T. ) ;
#1709 = ORIENTED_EDGE ( 'NONE', *, *, #483, .T. ) ;
#1710 = ORIENTED_EDGE ( 'NONE', *, *, #1072, .F. ) ;
#1711 = VECTOR ( 'NONE', #1178, 1000.000000000000000 ) ;
#1712 = FACE_OUTER_BOUND ( 'NONE', #939, .T. ) ;
#1713 = CARTESIAN_POINT ( 'NONE',  ( -14.00000000000000178, -5.999999999999998224, 7.999999999999998224 ) ) ;
#1714 = DIRECTION ( 'NONE',  ( 1.000000000000000000, 0.000000000000000000, 0.000000000000000000 ) ) ;
#1715 = AXIS2_PLACEMENT_3D ( 'NONE', #1904, #405, #1551 ) ;
#1717 = ADVANCED_FACE ( 'NONE', ( #817 ), #1935, .F. ) ;
#1716 = LINE ( 'NONE', #2120, #1261 ) ;
#1718 = EDGE_LOOP ( 'NONE', ( #2143, #587, #1429, #1504 ) ) ;
#1719 = CARTESIAN_POINT ( 'NONE',  ( 12.80000000000000249, -5.999999999999998224, -18.00000000000000000 ) ) ;
#1720 = CARTESIAN_POINT ( 'NONE',  ( 14.00000000000039613, 3.000000000000000000, -3.953321737474466912E-13 ) ) ;
#1721 = ADVANCED_FACE ( 'NONE', ( #2118 ), #443, .T. ) ;
#1722 = CARTESIAN_POINT ( 'NONE',  ( -14.00000000000000355, -14.00000000000000533, 18.00000000000000000 ) ) ;
#1723 = EDGE_LOOP ( 'NONE', ( #452, #1577, #839, #1986 ) ) ;
#1724 = PLANE ( 'NONE',  #204 ) ;
#1725 = DIRECTION ( 'NONE',  ( 0.000000000000000000, 0.000000000000000000, -1.000000000000000000 ) ) ;
#1726 = EDGE_CURVE ( 'NONE', #2319, #1078, #163, .T. ) ;
#1727 = CARTESIAN_POINT ( 'NONE',  ( 0.000000000000000000, 3.000000000000000000, -13.39999999999999858 ) ) ;
#1728 = PLANE ( 'NONE',  #1456 ) ;
#1729 = DIRECTION ( 'NONE',  ( -0.000000000000000000, 1.000000000000000000, -0.000000000000000000 ) ) ;
#1730 = VERTEX_POINT ( 'NONE', #1205 ) ;
#1731 = FACE_OUTER_BOUND ( 'NONE', #1366, .T. ) ;
#1732 = EDGE_CURVE ( 'NONE', #1598, #664, #1561, .T. ) ;
#1733 = ORIENTED_EDGE ( 'NONE', *, *, #495, .T. ) ;
#1734 = DIRECTION ( 'NONE',  ( -0.000000000000000000, 1.000000000000000000, -0.000000000000000000 ) ) ;
#1735 = VECTOR ( 'NONE', #1059, 1000.000000000000000 ) ;
#1736 = CARTESIAN_POINT ( 'NONE',  ( -15.20000000000000107, -5.999999999999998224, -7.999999999999998224 ) ) ;
#1737 = DIRECTION ( 'NONE',  ( 0.000000000000000000, 0.000000000000000000, 1.000000000000000000 ) ) ;
#1738 = CARTESIAN_POINT ( 'NONE',  ( 11.00000000000000000, -17.00000000000000000, 15.00000000000000000 ) ) ;
#1739 = DIRECTION ( 'NONE',  ( 0.000000000000000000, 0.000000000000000000, 1.000000000000000000 ) ) ;
#1740 = VECTOR ( 'NONE', #2412, 1000.000000000000000 ) ;
#1741 = EDGE_CURVE ( 'NONE', #565, #1056, #414, .T. ) ;
#1742 = EDGE_CURVE ( 'NONE', #932, #1655, #421, .T. ) ;
#1743 = DIRECTION ( 'NONE',  ( 0.000000000000000000, -8.874719395748285729E-16, 1.000000000000000000 ) ) ;
#1744 = CIRCLE ( 'NONE', #285, 1.199999999999999734 ) ;
#1745 = AXIS2_PLACEMENT_3D ( 'NONE', #2360, #1411, #2171 ) ;
#1746 = ORIENTED_EDGE ( 'NONE', *, *, #655, .T. ) ;
#1747 = AXIS2_PLACEMENT_3D ( 'NONE', #244, #638, #994 ) ;
#1748 = CARTESIAN_POINT ( 'NONE',  ( 11.00000000000000000, -17.00000000000000000, 17.99999999999999645 ) ) ;
#1749 = AXIS2_PLACEMENT_3D ( 'NONE', #406, #1321, #1151 ) ;
#1750 = AXIS2_PLACEMENT_3D ( 'NONE', #111, #1222, #1042 ) ;
#1751 = FACE_OUTER_BOUND ( 'NONE', #982, .T. ) ;
#1752 = DIRECTION ( 'NONE',  ( -0.000000000000000000, 1.000000000000000000, -0.000000000000000000 ) ) ;
#1753 = ORIENTED_EDGE ( 'NONE', *, *, #2107, .F. ) ;
#1754 = AXIS2_PLACEMENT_3D ( 'NONE', #243, #2136, #1194 ) ;
#1755 = DIRECTION ( 'NONE',  ( -1.020425574104004122E-16, 1.000000000000000000, 0.000000000000000000 ) ) ;
#1756 = EDGE_LOOP ( 'NONE', ( #2260, #1570, #1163, #2273 ) ) ;
#1757 = DIRECTION ( 'NONE',  ( 0.000000000000000000, 0.000000000000000000, 1.000000000000000000 ) ) ;
#1758 = ORIENTED_EDGE ( 'NONE', *, *, #1020, .T. ) ;
#1759 = LINE ( 'NONE', #1373, #275 ) ;
#1760 = VERTEX_POINT ( 'NONE', #1528 ) ;
#1761 = DIRECTION ( 'NONE',  ( -1.000000000000000000, 0.000000000000000000, 0.000000000000000000 ) ) ;
#1762 = DIRECTION ( 'NONE',  ( 0.000000000000000000, -1.761828530288955355E-15, 1.000000000000000000 ) ) ;
#1763 =( NAMED_UNIT ( * ) SI_UNIT ( $, .STERADIAN. ) SOLID_ANGLE_UNIT ( ) );
#1764 = ADVANCED_FACE ( 'NONE', ( #1550 ), #1960, .F. ) ;
#1765 = CARTESIAN_POINT ( 'NONE',  ( -9.500000000000001776, -99.03534722511957966, -13.39999999999999858 ) ) ;
#1766 = VECTOR ( 'NONE', #108, 1000.000000000000000 ) ;
#1767 = DIRECTION ( 'NONE',  ( -0.000000000000000000, 0.000000000000000000, -1.000000000000000000 ) ) ;
#1768 = ORIENTED_EDGE ( 'NONE', *, *, #295, .T. ) ;
#1769 = DIRECTION ( 'NONE',  ( -0.000000000000000000, 1.000000000000000000, -0.000000000000000000 ) ) ;
#1770 = EDGE_LOOP ( 'NONE', ( #316, #9, #470, #2102 ) ) ;
#1771 = ADVANCED_FACE ( 'NONE', ( #980 ), #54, .F. ) ;
#1772 = EDGE_CURVE ( 'NONE', #2225, #1284, #1759, .T. ) ;
#1773 = CARTESIAN_POINT ( 'NONE',  ( -54.51853668584739410, -0.1000000000000000056, -14.90000000000000036 ) ) ;
#1774 = EDGE_LOOP ( 'NONE', ( #1956, #2441 ) ) ;
#1775 = DIRECTION ( 'NONE',  ( -1.000000000000000000, 1.020425574104004246E-16, 0.000000000000000000 ) ) ;
#1776 = CIRCLE ( 'NONE', #1612, 1.199999999999999734 ) ;
#1777 = DIRECTION ( 'NONE',  ( 1.000000000000000000, 0.000000000000000000, 0.000000000000000000 ) ) ;
#1778 = VECTOR ( 'NONE', #1920, 1000.000000000000000 ) ;
#1779 = AXIS2_PLACEMENT_3D ( 'NONE', #1308, #367, #1506 ) ;
#1780 = CARTESIAN_POINT ( 'NONE',  ( -9.500000000000001776, -2.775557561562891351E-14, -13.39999999999999858 ) ) ;
#1781 = VECTOR ( 'NONE', #1755, 1000.000000000000000 ) ;
#1782 = SURFACE_SIDE_STYLE ('',( #284 ) ) ;
#1783 = ORIENTED_EDGE ( 'NONE', *, *, #268, .F. ) ;
#1784 = DIRECTION ( 'NONE',  ( -0.000000000000000000, 1.000000000000000000, -0.000000000000000000 ) ) ;
#1785 = VERTEX_POINT ( 'NONE', #635 ) ;
#1786 = VECTOR ( 'NONE', #1500, 1000.000000000000000 ) ;
#1787 = ADVANCED_FACE ( 'NONE', ( #2304 ), #2160, .T. ) ;
#1788 = DIRECTION ( 'NONE',  ( 0.000000000000000000, 0.000000000000000000, 1.000000000000000000 ) ) ;
#1789 = CARTESIAN_POINT ( 'NONE',  ( 14.00000000000000178, -5.999999999999998224, 7.999999999999998224 ) ) ;
#1790 = CARTESIAN_POINT ( 'NONE',  ( 12.80000000000000249, -5.999999999999998224, -7.999999999999998224 ) ) ;
#1791 = CARTESIAN_POINT ( 'NONE',  ( -11.00000000000000355, 3.000000000000000000, 13.39999999999999858 ) ) ;
#1792 = STYLED_ITEM ( 'NONE', ( #657 ), #2187 ) ;
#1793 = EDGE_CURVE ( 'NONE', #2394, #2283, #313, .T. ) ;
#1794 = CARTESIAN_POINT ( 'NONE',  ( 17.00000000000000000, -16.99999999999999289, 20.86697645467206641 ) ) ;
#1795 = ORIENTED_EDGE ( 'NONE', *, *, #718, .T. ) ;
#1796 = CARTESIAN_POINT ( 'NONE',  ( 0.000000000000000000, 3.000000000000000000, 13.39999999999999858 ) ) ;
#1797 = VERTEX_POINT ( 'NONE', #2314 ) ;
#1798 = DIRECTION ( 'NONE',  ( -0.000000000000000000, 1.000000000000000000, -0.000000000000000000 ) ) ;
#1799 = EDGE_LOOP ( 'NONE', ( #2278, #1626 ) ) ;
#1800 = EDGE_CURVE ( 'NONE', #722, #1252, #674, .T. ) ;
#1801 = PLANE ( 'NONE',  #1976 ) ;
#1802 = CYLINDRICAL_SURFACE ( 'NONE', #82, 1.199999999999999734 ) ;
#1803 = VERTEX_POINT ( 'NONE', #830 ) ;
#1804 = CARTESIAN_POINT ( 'NONE',  ( -12.80000000000000426, -14.00000000000000533, 7.999999999999998224 ) ) ;
#1805 = DIRECTION ( 'NONE',  ( 0.000000000000000000, 0.000000000000000000, -1.000000000000000000 ) ) ;
#1806 = ORIENTED_EDGE ( 'NONE', *, *, #2059, .T. ) ;
#1807 = CARTESIAN_POINT ( 'NONE',  ( -17.00000000000000000, -16.99999999999999289, -20.86697645467206641 ) ) ;
#1808 = VERTEX_POINT ( 'NONE', #1575 ) ;
#1809 = ORIENTED_EDGE ( 'NONE', *, *, #2234, .F. ) ;
#1810 = DIRECTION ( 'NONE',  ( 1.000000000000000000, 0.000000000000000000, 0.000000000000000000 ) ) ;
#1811 = ORIENTED_EDGE ( 'NONE', *, *, #383, .T. ) ;
#1812 = DIRECTION ( 'NONE',  ( 0.000000000000000000, 1.000000000000000000, 0.000000000000000000 ) ) ;
#1813 = EDGE_LOOP ( 'NONE', ( #1515, #2355 ) ) ;
#1814 = CARTESIAN_POINT ( 'NONE',  ( 14.00000000000000178, -5.999999999999998224, 15.00000000000000000 ) ) ;
#1815 = CARTESIAN_POINT ( 'NONE',  ( 14.00000000000000178, -5.999999999999998224, -18.00000000000000000 ) ) ;
#1816 = ORIENTED_EDGE ( 'NONE', *, *, #849, .F. ) ;
#1817 = CARTESIAN_POINT ( 'NONE',  ( 14.00000000000000000, -14.00000000000000533, -15.00000000000000000 ) ) ;
#1818 = ADVANCED_FACE ( 'NONE', ( #2347 ), #648, .T. ) ;
#1819 = DIRECTION ( 'NONE',  ( 0.000000000000000000, 1.000000000000000000, 0.000000000000000000 ) ) ;
#1820 = VERTEX_POINT ( 'NONE', #2210 ) ;
#1821 = EDGE_CURVE ( 'NONE', #1284, #110, #1380, .T. ) ;
#1822 = CARTESIAN_POINT ( 'NONE',  ( -9.500000000000001776, -2.775557561562891351E-14, -18.00000000000000000 ) ) ;
#1823 = CIRCLE ( 'NONE', #1192, 1.199999999999999734 ) ;
#1824 = ORIENTED_EDGE ( 'NONE', *, *, #2209, .F. ) ;
#1825 = LINE ( 'NONE', #129, #1978 ) ;
#1826 = VERTEX_POINT ( 'NONE', #1641 ) ;
#1827 = EDGE_CURVE ( 'NONE', #1102, #661, #302, .T. ) ;
#1828 = DIRECTION ( 'NONE',  ( 1.000000000000000000, 0.000000000000000000, 0.000000000000000000 ) ) ;
#1829 = ORIENTED_EDGE ( 'NONE', *, *, #836, .F. ) ;
#1830 = DIRECTION ( 'NONE',  ( -1.000000000000000000, 0.000000000000000000, 0.000000000000000000 ) ) ;
#1831 = ORIENTED_EDGE ( 'NONE', *, *, #424, .T. ) ;
#1832 = AXIS2_PLACEMENT_3D ( 'NONE', #748, #885, #914 ) ;
#1833 = DIRECTION ( 'NONE',  ( -1.000000000000000000, 0.000000000000000000, 0.000000000000000000 ) ) ;
#1834 = PRODUCT_RELATED_PRODUCT_CATEGORY ( 'part', '', ( #1705 ) ) ;
#1835 = ORIENTED_EDGE ( 'NONE', *, *, #1929, .F. ) ;
#1836 = VECTOR ( 'NONE', #1344, 1000.000000000000000 ) ;
#1837 = DIRECTION ( 'NONE',  ( 1.000000000000000000, 0.000000000000000000, 0.000000000000000000 ) ) ;
#1838 = DIRECTION ( 'NONE',  ( 1.000000000000000000, 0.000000000000000000, 0.000000000000000000 ) ) ;
#1839 = DIRECTION ( 'NONE',  ( 0.000000000000000000, 0.000000000000000000, -1.000000000000000000 ) ) ;
#1840 = ORIENTED_EDGE ( 'NONE', *, *, #352, .T. ) ;
#1841 = FACE_BOUND ( 'NONE', #50, .T. ) ;
#1842 = EDGE_CURVE ( 'NONE', #600, #661, #325, .T. ) ;
#1843 = ORIENTED_EDGE ( 'NONE', *, *, #1279, .F. ) ;
#1844 = DIRECTION ( 'NONE',  ( 0.000000000000000000, 0.000000000000000000, 1.000000000000000000 ) ) ;
#1845 = LINE ( 'NONE', #446, #1578 ) ;
#1846 = VERTEX_POINT ( 'NONE', #1085 ) ;
#1847 = CARTESIAN_POINT ( 'NONE',  ( 7.906643474948931805E-13, -7.000000000000000000, 15.75000000000085087 ) ) ;
#1848 = VECTOR ( 'NONE', #96, 1000.000000000000000 ) ;
#1849 = EDGE_CURVE ( 'NONE', #439, #232, #1459, .T. ) ;
#1850 = EDGE_LOOP ( 'NONE', ( #733, #575, #2041, #1633 ) ) ;
#1851 = VERTEX_POINT ( 'NONE', #1589 ) ;
#1852 = EDGE_CURVE ( 'NONE', #1797, #1252, #700, .T. ) ;
#1853 = LINE ( 'NONE', #714, #458 ) ;
#1854 = LINE ( 'NONE', #159, #2063 ) ;
#1855 = ORIENTED_EDGE ( 'NONE', *, *, #1387, .F. ) ;
#1856 = DIRECTION ( 'NONE',  ( 1.000000000000000000, 0.000000000000000000, 0.000000000000000000 ) ) ;
#1857 = ORIENTED_EDGE ( 'NONE', *, *, #352, .F. ) ;
#1858 = CARTESIAN_POINT ( 'NONE',  ( -17.00000000000000000, -0.1000000000000028644, -20.86697645467206641 ) ) ;
#1859 = VECTOR ( 'NONE', #1109, 1000.000000000000000 ) ;
#1860 = DIRECTION ( 'NONE',  ( 1.000000000000000000, 0.000000000000000000, 0.000000000000000000 ) ) ;
#1861 = ORIENTED_EDGE ( 'NONE', *, *, #2082, .T. ) ;
#1862 = DIRECTION ( 'NONE',  ( 1.000000000000000000, 0.000000000000000000, 0.000000000000000000 ) ) ;
#1863 = VECTOR ( 'NONE', #1023, 1000.000000000000000 ) ;
#1864 = ORIENTED_EDGE ( 'NONE', *, *, #2240, .T. ) ;
#1865 = VERTEX_POINT ( 'NONE', #2395 ) ;
#1866 = PLANE ( 'NONE',  #1695 ) ;
#1867 = ORIENTED_EDGE ( 'NONE', *, *, #971, .T. ) ;
#1868 = CARTESIAN_POINT ( 'NONE',  ( 3.469446951953614189E-15, 0.000000000000000000, 3.469446951953614189E-15 ) ) ;
#1869 = VERTEX_POINT ( 'NONE', #844 ) ;
#1870 = FACE_BOUND ( 'NONE', #1189, .T. ) ;
#1871 = AXIS2_PLACEMENT_3D ( 'NONE', #448, #2350, #107 ) ;
#1872 = CARTESIAN_POINT ( 'NONE',  ( 10.99999999999999645, 2.574980159653073031E-16, 14.90000000000000036 ) ) ;
#1873 = CIRCLE ( 'NONE', #526, 1.199999999999999734 ) ;
#1874 = ORIENTED_EDGE ( 'NONE', *, *, #497, .F. ) ;
#1875 = CARTESIAN_POINT ( 'NONE',  ( 14.00000000000000178, -5.999999999999998224, -18.00000000000000000 ) ) ;
#1876 = ORIENTED_EDGE ( 'NONE', *, *, #946, .T. ) ;
#1877 = ORIENTED_EDGE ( 'NONE', *, *, #1372, .T. ) ;
#1878 = CARTESIAN_POINT ( 'NONE',  ( -11.00000000000001066, 2.999999999999999556, 14.90000000000000036 ) ) ;
#1879 = CARTESIAN_POINT ( 'NONE',  ( -12.80000000000000249, -5.999999999999998224, -18.00000000000000000 ) ) ;
#1880 = ORIENTED_EDGE ( 'NONE', *, *, #318, .F. ) ;
#1881 = CYLINDRICAL_SURFACE ( 'NONE', #1911, 1.199999999999999734 ) ;
#1882 = EDGE_CURVE ( 'NONE', #1851, #1108, #1250, .T. ) ;
#1883 = CARTESIAN_POINT ( 'NONE',  ( 11.00000000000000178, -0.1000000000000028644, 20.86697645467206641 ) ) ;
#1884 = CARTESIAN_POINT ( 'NONE',  ( -11.00000000000000355, 3.000000000000000000, 0.000000000000000000 ) ) ;
#1885 = ORIENTED_EDGE ( 'NONE', *, *, #1913, .F. ) ;
#1886 = EDGE_LOOP ( 'NONE', ( #658, #2195, #1596, #1438 ) ) ;
#1887 = CIRCLE ( 'NONE', #1524, 1.199999999999999734 ) ;
#1888 = CARTESIAN_POINT ( 'NONE',  ( -17.00000000000000000, -0.1000000000000000056, -14.90000000000000036 ) ) ;
#1889 = DIRECTION ( 'NONE',  ( 1.000000000000000000, 0.000000000000000000, 0.000000000000000000 ) ) ;
#1890 = CARTESIAN_POINT ( 'NONE',  ( -11.00000000000001066, -0.1000000000000000056, -14.90000000000000036 ) ) ;
#1891 = ORIENTED_EDGE ( 'NONE', *, *, #1128, .F. ) ;
#1892 = CARTESIAN_POINT ( 'NONE',  ( 17.00000000000000000, -0.1000000000000028644, 15.00000000000000000 ) ) ;
#1893 = EDGE_CURVE ( 'NONE', #2071, #2242, #1418, .T. ) ;
#1894 = CARTESIAN_POINT ( 'NONE',  ( 9.500000000000001776, -2.775557561562891351E-14, 18.00000000000000000 ) ) ;
#1895 = AXIS2_PLACEMENT_3D ( 'NONE', #586, #1316, #1292 ) ;
#1896 = AXIS2_PLACEMENT_3D ( 'NONE', #835, #799, #1762 ) ;
#1897 = DIRECTION ( 'NONE',  ( 0.000000000000000000, 0.000000000000000000, -1.000000000000000000 ) ) ;
#1898 = EDGE_LOOP ( 'NONE', ( #1019, #1811, #128, #1485 ) ) ;
#1899 = EDGE_LOOP ( 'NONE', ( #1487, #2089, #2046, #2410 ) ) ;
#1900 = AXIS2_PLACEMENT_3D ( 'NONE', #1148, #744, #2455 ) ;
#1901 = ADVANCED_FACE ( 'NONE', ( #92, #1410, #2358 ), #2370, .T. ) ;
#1902 = CIRCLE ( 'NONE', #828, 3.099999999999998757 ) ;
#1903 = CARTESIAN_POINT ( 'NONE',  ( -9.500000000000001776, -99.03534722511957966, 13.39999999999999858 ) ) ;
#1904 = CARTESIAN_POINT ( 'NONE',  ( 17.00000000000000000, -99.03534722511957966, 15.00000000000000000 ) ) ;
#1905 = DIRECTION ( 'NONE',  ( 0.000000000000000000, 0.000000000000000000, 1.000000000000000000 ) ) ;
#1906 = CARTESIAN_POINT ( 'NONE',  ( -15.20000000000000107, -5.999999999999998224, -15.00000000000000000 ) ) ;
#1907 = ORIENTED_EDGE ( 'NONE', *, *, #2317, .T. ) ;
#1908 = DIRECTION ( 'NONE',  ( 0.000000000000000000, 1.000000000000000000, 0.000000000000000000 ) ) ;
#1909 = CIRCLE ( 'NONE', #1160, 1.750000000000849765 ) ;
#1910 = CARTESIAN_POINT ( 'NONE',  ( 17.00000000000000000, 0.000000000000000000, 15.00000000000000000 ) ) ;
#1911 = AXIS2_PLACEMENT_3D ( 'NONE', #227, #371, #2085 ) ;
#1912 = CARTESIAN_POINT ( 'NONE',  ( 14.00000000000039613, 0.000000000000000000, -3.953321737474466912E-13 ) ) ;
#1913 = EDGE_CURVE ( 'NONE', #1730, #322, #553, .T. ) ;
#1914 = EDGE_LOOP ( 'NONE', ( #687, #1831, #1046, #1123 ) ) ;
#1915 = AXIS2_PLACEMENT_3D ( 'NONE', #200, #1729, #1739 ) ;
#1916 = FACE_OUTER_BOUND ( 'NONE', #2061, .T. ) ;
#1917 = DIRECTION ( 'NONE',  ( -1.000000000000000000, -0.000000000000000000, 0.000000000000000000 ) ) ;
#1918 = DIRECTION ( 'NONE',  ( 0.000000000000000000, 0.000000000000000000, -1.000000000000000000 ) ) ;
#1919 = CARTESIAN_POINT ( 'NONE',  ( 96.15556281225838120, -0.1000000000000000056, 14.90000000000000036 ) ) ;
#1920 = DIRECTION ( 'NONE',  ( 0.000000000000000000, 0.000000000000000000, -1.000000000000000000 ) ) ;
#1921 = CYLINDRICAL_SURFACE ( 'NONE', #1915, 1.749999999999999778 ) ;
#1922 = DIRECTION ( 'NONE',  ( 1.020425574104004246E-16, -1.000000000000000000, 0.000000000000000000 ) ) ;
#1923 = ADVANCED_FACE ( 'NONE', ( #524, #467, #2407 ), #1229, .T. ) ;
#1924 = CARTESIAN_POINT ( 'NONE',  ( 11.00000000000000355, 0.000000000000000000, 18.00000000000000000 ) ) ;
#1925 = EDGE_LOOP ( 'NONE', ( #770, #2204, #27, #1962 ) ) ;
#1926 = ADVANCED_FACE ( 'NONE', ( #291 ), #1801, .T. ) ;
#1927 = DIRECTION ( 'NONE',  ( 0.000000000000000000, 0.000000000000000000, 1.000000000000000000 ) ) ;
#1928 = CARTESIAN_POINT ( 'NONE',  ( 7.906643474948931805E-13, -7.000000000000000000, 14.00000000000000000 ) ) ;
#1929 = EDGE_CURVE ( 'NONE', #2443, #1946, #2025, .T. ) ;
#1930 = DIRECTION ( 'NONE',  ( -0.000000000000000000, 1.000000000000000000, -0.000000000000000000 ) ) ;
#1931 = PLANE ( 'NONE',  #1336 ) ;
#1932 = DIRECTION ( 'NONE',  ( 1.000000000000000000, 0.000000000000000000, 0.000000000000000000 ) ) ;
#1933 = LINE ( 'NONE', #1910, #991 ) ;
#1934 = ORIENTED_EDGE ( 'NONE', *, *, #1198, .T. ) ;
#1935 = CYLINDRICAL_SURFACE ( 'NONE', #1567, 11.50000000000000000 ) ;
#1936 = AXIS2_PLACEMENT_3D ( 'NONE', #2264, #2254, #208 ) ;
#1937 = CARTESIAN_POINT ( 'NONE',  ( -17.00000000000000000, -17.00000000000000000, 18.00000000000000000 ) ) ;
#1938 = DIRECTION ( 'NONE',  ( 0.000000000000000000, -1.000000000000000000, 0.000000000000000000 ) ) ;
#1939 = DIRECTION ( 'NONE',  ( 0.000000000000000000, 0.000000000000000000, 1.000000000000000000 ) ) ;
#1940 = VECTOR ( 'NONE', #1188, 1000.000000000000000 ) ;
#1941 = CARTESIAN_POINT ( 'NONE',  ( -12.80000000000000426, -14.00000000000000533, -18.00000000000000000 ) ) ;
#1942 = VECTOR ( 'NONE', #1105, 1000.000000000000000 ) ;
#1943 = EDGE_LOOP ( 'NONE', ( #2010, #571, #633, #1693, #530, #855, #344, #544, #934, #342, #637, #366, #1855, #952, #2403, #2415, #259, #1493, #1640, #538 ) ) ;
#1944 = CARTESIAN_POINT ( 'NONE',  ( -11.00000000000000355, -0.09999999999999939493, -14.99999999999999822 ) ) ;
#1945 = VECTOR ( 'NONE', #1048, 1000.000000000000000 ) ;
#1946 = VERTEX_POINT ( 'NONE', #1999 ) ;
#1947 = CARTESIAN_POINT ( 'NONE',  ( 14.00000000000039613, 3.000000000000000000, -3.953321737474466912E-13 ) ) ;
#1948 = EDGE_CURVE ( 'NONE', #2159, #565, #2199, .T. ) ;
#1949 = CARTESIAN_POINT ( 'NONE',  ( -14.00000000000000178, -5.999999999999998224, 15.00000000000000000 ) ) ;
#1950 = VERTEX_POINT ( 'NONE', #1822 ) ;
#1951 = VECTOR ( 'NONE', #2434, 1000.000000000000000 ) ;
#1952 = CARTESIAN_POINT ( 'NONE',  ( -12.80000000000000426, -14.00000000000000533, -15.00000000000000000 ) ) ;
#1953 = DIRECTION ( 'NONE',  ( 1.020425574104004246E-16, 1.000000000000000000, 0.000000000000000000 ) ) ;
#1954 = APPLICATION_PROTOCOL_DEFINITION ( 'draft international standard', 'automotive_design', 1998, #2376 ) ;
#1955 = CYLINDRICAL_SURFACE ( 'NONE', #1348, 1.199999999999999734 ) ;
#1956 = ORIENTED_EDGE ( 'NONE', *, *, #1893, .F. ) ;
#1957 = EDGE_CURVE ( 'NONE', #185, #534, #127, .T. ) ;
#1958 = DIRECTION ( 'NONE',  ( 0.000000000000000000, 0.000000000000000000, -1.000000000000000000 ) ) ;
#1959 = ORIENTED_EDGE ( 'NONE', *, *, #1969, .T. ) ;
#1960 = CYLINDRICAL_SURFACE ( 'NONE', #630, 0.09999999999999939493 ) ;
#1961 = LINE ( 'NONE', #1988, #2186 ) ;
#1962 = ORIENTED_EDGE ( 'NONE', *, *, #1372, .F. ) ;
#1963 = CARTESIAN_POINT ( 'NONE',  ( 0.000000000000000000, 0.000000000000000000, -12.25000000000000000 ) ) ;
#1964 = CARTESIAN_POINT ( 'NONE',  ( 0.000000000000000000, 3.000000000000000000, 13.39999999999999858 ) ) ;
#1965 = CARTESIAN_POINT ( 'NONE',  ( 15.19999999999999929, -14.00000000000000533, -7.999999999999998224 ) ) ;
#1966 = AXIS2_PLACEMENT_3D ( 'NONE', #141, #474, #1805 ) ;
#1967 = DIRECTION ( 'NONE',  ( -1.000000000000000000, 0.000000000000000000, 0.000000000000000000 ) ) ;
#1968 = ORIENTED_EDGE ( 'NONE', *, *, #907, .T. ) ;
#1969 = EDGE_CURVE ( 'NONE', #360, #2313, #139, .T. ) ;
#1970 = LINE ( 'NONE', #1045, #632 ) ;
#1971 = ORIENTED_EDGE ( 'NONE', *, *, #1052, .F. ) ;
#1972 = DIRECTION ( 'NONE',  ( -1.000000000000000000, 0.000000000000000000, 0.000000000000000000 ) ) ;
#1973 = DIRECTION ( 'NONE',  ( 1.000000000000000000, 0.000000000000000000, 0.000000000000000000 ) ) ;
#1974 = VERTEX_POINT ( 'NONE', #773 ) ;
#1975 = ADVANCED_FACE ( 'NONE', ( #1122 ), #2088, .F. ) ;
#1976 = AXIS2_PLACEMENT_3D ( 'NONE', #890, #2011, #104 ) ;
#1977 = DIRECTION ( 'NONE',  ( 0.000000000000000000, 0.000000000000000000, 1.000000000000000000 ) ) ;
#1978 = VECTOR ( 'NONE', #894, 1000.000000000000000 ) ;
#1979 = DIRECTION ( 'NONE',  ( 1.000000000000000000, 1.020425574104004246E-16, 0.000000000000000000 ) ) ;
#1980 = ORIENTED_EDGE ( 'NONE', *, *, #886, .T. ) ;
#1981 = VECTOR ( 'NONE', #2165, 1000.000000000000000 ) ;
#1982 = CARTESIAN_POINT ( 'NONE',  ( 0.000000000000000000, -99.03534722511957966, 13.39999999999999858 ) ) ;
#1983 = ADVANCED_FACE ( 'NONE', ( #1680 ), #762, .F. ) ;
#1984 = ORIENTED_EDGE ( 'NONE', *, *, #1014, .F. ) ;
#1985 = CARTESIAN_POINT ( 'NONE',  ( 11.00000000000000355, 0.000000000000000000, -18.00000000000000000 ) ) ;
#1986 = ORIENTED_EDGE ( 'NONE', *, *, #1407, .T. ) ;
#1987 = CARTESIAN_POINT ( 'NONE',  ( -17.00000000000000000, -17.00000000000000000, -14.99999999999999822 ) ) ;
#1988 = CARTESIAN_POINT ( 'NONE',  ( 9.500000000000001776, 3.000000000000000000, 0.000000000000000000 ) ) ;
#1989 = CIRCLE ( 'NONE', #1427, 1.750000000000635270 ) ;
#1990 = FACE_OUTER_BOUND ( 'NONE', #1943, .T. ) ;
#1991 = AXIS2_PLACEMENT_3D ( 'NONE', #1519, #20, #1737 ) ;
#1992 = VECTOR ( 'NONE', #1830, 1000.000000000000000 ) ;
#1993 = ORIENTED_EDGE ( 'NONE', *, *, #1152, .F. ) ;
#1994 = LINE ( 'NONE', #821, #83 ) ;
#1995 = ORIENTED_EDGE ( 'NONE', *, *, #1948, .T. ) ;
#1996 = ORIENTED_EDGE ( 'NONE', *, *, #2213, .F. ) ;
#1997 = FACE_OUTER_BOUND ( 'NONE', #905, .T. ) ;
#1998 = VERTEX_POINT ( 'NONE', #1502 ) ;
#1999 = CARTESIAN_POINT ( 'NONE',  ( -15.20000000000000107, -5.999999999999998224, 18.00000000000000000 ) ) ;
#2000 = EDGE_CURVE ( 'NONE', #178, #1682, #1027, .T. ) ;
#2001 = DIRECTION ( 'NONE',  ( 1.000000000000000000, 0.000000000000000000, 0.000000000000000000 ) ) ;
#2002 = EDGE_CURVE ( 'NONE', #2366, #2445, #1776, .T. ) ;
#2003 = VERTEX_POINT ( 'NONE', #1 ) ;
#2004 = LINE ( 'NONE', #938, #989 ) ;
#2005 = EDGE_LOOP ( 'NONE', ( #2084, #2183 ) ) ;
#2006 = FACE_BOUND ( 'NONE', #1026, .T. ) ;
#2007 = EDGE_LOOP ( 'NONE', ( #1880, #1130 ) ) ;
#2008 = EDGE_CURVE ( 'NONE', #1140, #2159, #933, .T. ) ;
#2009 = FACE_BOUND ( 'NONE', #2396, .T. ) ;
#2010 = ORIENTED_EDGE ( 'NONE', *, *, #916, .F. ) ;
#2011 = DIRECTION ( 'NONE',  ( -1.000000000000000000, 0.000000000000000000, -6.902245402481592454E-16 ) ) ;
#2012 = ADVANCED_FACE ( 'NONE', ( #921 ), #1653, .F. ) ;
#2013 = DIRECTION ( 'NONE',  ( -0.000000000000000000, -0.000000000000000000, -1.000000000000000000 ) ) ;
#2014 = ORIENTED_EDGE ( 'NONE', *, *, #2112, .F. ) ;
#2015 = VECTOR ( 'NONE', #1630, 1000.000000000000000 ) ;
#2016 = VECTOR ( 'NONE', #2316, 1000.000000000000000 ) ;
#2017 = CARTESIAN_POINT ( 'NONE',  ( 7.906643474948931805E-13, 0.000000000000000000, 15.75000000000085087 ) ) ;
#2018 = ORIENTED_EDGE ( 'NONE', *, *, #907, .F. ) ;
#2019 = EDGE_CURVE ( 'NONE', #1619, #2220, #727, .T. ) ;
#2020 = CARTESIAN_POINT ( 'NONE',  ( 15.19999999999999929, -14.00000000000000533, -18.00000000000000000 ) ) ;
#2021 = VECTOR ( 'NONE', #341, 1000.000000000000000 ) ;
#2022 = CIRCLE ( 'NONE', #1535, 3.099999999999998757 ) ;
#2023 = DIRECTION ( 'NONE',  ( 1.000000000000000000, 0.000000000000000000, 0.000000000000000000 ) ) ;
#2024 = ORIENTED_EDGE ( 'NONE', *, *, #1580, .F. ) ;
#2025 = LINE ( 'NONE', #1435, #466 ) ;
#2026 = AXIS2_PLACEMENT_3D ( 'NONE', #1057, #1030, #1757 ) ;
#2027 = AXIS2_PLACEMENT_3D ( 'NONE', #361, #518, #707 ) ;
#2028 = EDGE_CURVE ( 'NONE', #884, #439, #903, .T. ) ;
#2029 = DIRECTION ( 'NONE',  ( 0.000000000000000000, 0.000000000000000000, -1.000000000000000000 ) ) ;
#2030 = DIRECTION ( 'NONE',  ( 0.000000000000000000, 0.000000000000000000, -1.000000000000000000 ) ) ;
#2031 = ORIENTED_EDGE ( 'NONE', *, *, #409, .T. ) ;
#2032 = LINE ( 'NONE', #2233, #1583 ) ;
#2033 = AXIS2_PLACEMENT_3D ( 'NONE', #582, #2307, #216 ) ;
#2034 = LINE ( 'NONE', #334, #2342 ) ;
#2035 = EDGE_CURVE ( 'NONE', #1808, #2230, #169, .T. ) ;
#2036 = DIRECTION ( 'NONE',  ( 0.000000000000000000, 0.000000000000000000, 1.000000000000000000 ) ) ;
#2037 = ORIENTED_EDGE ( 'NONE', *, *, #41, .F. ) ;
#2038 = DIRECTION ( 'NONE',  ( 0.000000000000000000, 0.000000000000000000, 1.000000000000000000 ) ) ;
#2039 = CARTESIAN_POINT ( 'NONE',  ( 11.00000000000000355, 3.000000000000000000, -13.39999999999999858 ) ) ;
#2040 = LINE ( 'NONE', #343, #512 ) ;
#2041 = ORIENTED_EDGE ( 'NONE', *, *, #1726, .T. ) ;
#2042 = DIRECTION ( 'NONE',  ( -1.000000000000000000, -0.000000000000000000, -0.000000000000000000 ) ) ;
#2043 = ORIENTED_EDGE ( 'NONE', *, *, #2002, .F. ) ;
#2044 = LINE ( 'NONE', #1858, #321 ) ;
#2045 = CYLINDRICAL_SURFACE ( 'NONE', #523, 1.749999999999999778 ) ;
#2046 = ORIENTED_EDGE ( 'NONE', *, *, #444, .F. ) ;
#2047 = ADVANCED_FACE ( 'NONE', ( #2439 ), #400, .F. ) ;
#2048 = CARTESIAN_POINT ( 'NONE',  ( 7.906643474948931805E-13, 3.000000000000000000, 15.75000000000085087 ) ) ;
#2049 = ORIENTED_EDGE ( 'NONE', *, *, #1639, .F. ) ;
#2050 = ORIENTED_EDGE ( 'NONE', *, *, #2408, .F. ) ;
#2051 = CYLINDRICAL_SURFACE ( 'NONE', #1779, 1.199999999999999734 ) ;
#2052 = EDGE_CURVE ( 'NONE', #1647, #944, #2411, .T. ) ;
#2053 = ORIENTED_EDGE ( 'NONE', *, *, #1629, .T. ) ;
#2054 = DIRECTION ( 'NONE',  ( -1.000000000000000000, 0.000000000000000000, 0.000000000000000000 ) ) ;
#2055 = ORIENTED_EDGE ( 'NONE', *, *, #2236, .T. ) ;
#2056 = CARTESIAN_POINT ( 'NONE',  ( -17.00000000000000000, -17.00000000000000000, -14.99999999999999822 ) ) ;
#2057 = ORIENTED_EDGE ( 'NONE', *, *, #2068, .T. ) ;
#2058 = PLANE ( 'NONE',  #1423 ) ;
#2059 = EDGE_CURVE ( 'NONE', #1108, #491, #312, .T. ) ;
#2060 = VECTOR ( 'NONE', #1416, 1000.000000000000000 ) ;
#2061 = EDGE_LOOP ( 'NONE', ( #157, #372, #1758, #271 ) ) ;
#2062 = DIRECTION ( 'NONE',  ( 0.000000000000000000, 0.000000000000000000, -1.000000000000000000 ) ) ;
#2063 = VECTOR ( 'NONE', #1475, 1000.000000000000000 ) ;
#2064 = ORIENTED_EDGE ( 'NONE', *, *, #477, .F. ) ;
#2065 = ORIENTED_EDGE ( 'NONE', *, *, #248, .T. ) ;
#2066 = CARTESIAN_POINT ( 'NONE',  ( 7.906643474948931805E-13, -7.000000000000000000, 14.00000000000000000 ) ) ;
#2067 = VECTOR ( 'NONE', #2310, 1000.000000000000000 ) ;
#2068 = EDGE_CURVE ( 'NONE', #1134, #2071, #549, .T. ) ;
#2069 = ORIENTED_EDGE ( 'NONE', *, *, #176, .T. ) ;
#2070 = FACE_OUTER_BOUND ( 'NONE', #2079, .T. ) ;
#2071 = VERTEX_POINT ( 'NONE', #2048 ) ;
#2072 = CARTESIAN_POINT ( 'NONE',  ( -17.00000000000000000, -17.00000000000000000, -14.99999999999999822 ) ) ;
#2073 = VECTOR ( 'NONE', #486, 1000.000000000000000 ) ;
#2074 = DIRECTION ( 'NONE',  ( 0.000000000000000000, -1.000000000000000000, 0.000000000000000000 ) ) ;
#2075 = CIRCLE ( 'NONE', #1667, 1.199999999999999734 ) ;
#2076 = CIRCLE ( 'NONE', #963, 0.09999999999999939493 ) ;
#2077 = DIRECTION ( 'NONE',  ( 0.000000000000000000, 1.000000000000000000, 0.000000000000000000 ) ) ;
#2078 = ORIENTED_EDGE ( 'NONE', *, *, #295, .F. ) ;
#2079 = EDGE_LOOP ( 'NONE', ( #1155, #209, #1302, #1011 ) ) ;
#2080 = DIRECTION ( 'NONE',  ( -1.000000000000000000, 0.000000000000000000, -0.000000000000000000 ) ) ;
#2081 = DIRECTION ( 'NONE',  ( -0.000000000000000000, -0.000000000000000000, -1.000000000000000000 ) ) ;
#2082 = EDGE_CURVE ( 'NONE', #1383, #728, #374, .T. ) ;
#2083 = CARTESIAN_POINT ( 'NONE',  ( -17.00000000000000000, -17.00000000000000000, -18.00000000000000000 ) ) ;
#2084 = ORIENTED_EDGE ( 'NONE', *, *, #1526, .F. ) ;
#2085 = DIRECTION ( 'NONE',  ( 1.000000000000000000, 0.000000000000000000, 0.000000000000000000 ) ) ;
#2086 = DIRECTION ( 'NONE',  ( 1.000000000000000000, 0.000000000000000000, 0.000000000000000000 ) ) ;
#2087 = ADVANCED_FACE ( 'NONE', ( #1303 ), #364, .T. ) ;
#2088 = CYLINDRICAL_SURFACE ( 'NONE', #76, 11.50000000000000000 ) ;
#2089 = ORIENTED_EDGE ( 'NONE', *, *, #665, .T. ) ;
#2090 = ORIENTED_EDGE ( 'NONE', *, *, #1052, .T. ) ;
#2091 = AXIS2_PLACEMENT_3D ( 'NONE', #995, #46, #652 ) ;
#2092 = DIRECTION ( 'NONE',  ( 0.000000000000000000, 0.000000000000000000, -1.000000000000000000 ) ) ;
#2093 = EDGE_CURVE ( 'NONE', #739, #1609, #2101, .T. ) ;
#2094 = CARTESIAN_POINT ( 'NONE',  ( -14.00000000000000355, -14.00000000000000533, 15.00000000000000000 ) ) ;
#2095 = CARTESIAN_POINT ( 'NONE',  ( 14.00000000000039613, 0.000000000000000000, -3.953321737474466912E-13 ) ) ;
#2096 = EDGE_LOOP ( 'NONE', ( #1876, #2227 ) ) ;
#2097 = CARTESIAN_POINT ( 'NONE',  ( -9.500000000000001776, 3.000000000000000000, 0.000000000000000000 ) ) ;
#2098 = CARTESIAN_POINT ( 'NONE',  ( -11.00000000000000178, -16.99999999999999289, 20.86697645467206641 ) ) ;
#2099 = AXIS2_PLACEMENT_3D ( 'NONE', #484, #506, #2038 ) ;
#2100 = AXIS2_PLACEMENT_3D ( 'NONE', #1219, #624, #2351 ) ;
#2101 = LINE ( 'NONE', #1884, #628 ) ;
#2102 = ORIENTED_EDGE ( 'NONE', *, *, #589, .T. ) ;
#2103 = AXIS2_PLACEMENT_3D ( 'NONE', #2191, #859, #1606 ) ;
#2104 = CIRCLE ( 'NONE', #869, 1.199999999999999734 ) ;
#2105 = CARTESIAN_POINT ( 'NONE',  ( 15.19999999999999929, -14.00000000000000533, 7.999999999999998224 ) ) ;
#2106 = LINE ( 'NONE', #293, #2073 ) ;
#2107 = EDGE_CURVE ( 'NONE', #2435, #932, #574, .T. ) ;
#2108 = CARTESIAN_POINT ( 'NONE',  ( -17.00000000000000000, -0.1000000000000028644, 20.86697645467206641 ) ) ;
#2109 = DIRECTION ( 'NONE',  ( 0.000000000000000000, 0.000000000000000000, 1.000000000000000000 ) ) ;
#2110 = AXIS2_PLACEMENT_3D ( 'NONE', #479, #826, #1241 ) ;
#2111 = CARTESIAN_POINT ( 'NONE',  ( -11.00000000000000355, 3.000000000000000000, -14.90000000000000036 ) ) ;
#2112 = EDGE_CURVE ( 'NONE', #699, #328, #411, .T. ) ;
#2113 = AXIS2_PLACEMENT_3D ( 'NONE', #1699, #1905, #416 ) ;
#2114 = EDGE_CURVE ( 'NONE', #1075, #2435, #838, .T. ) ;
#2115 =( GEOMETRIC_REPRESENTATION_CONTEXT ( 3 ) GLOBAL_UNCERTAINTY_ASSIGNED_CONTEXT ( ( #228 ) ) GLOBAL_UNIT_ASSIGNED_CONTEXT ( ( #556, #759, #1763 ) ) REPRESENTATION_CONTEXT ( 'NONE', 'WORKASPACE' ) );
#2116 = CARTESIAN_POINT ( 'NONE',  ( -11.00000000000001066, -0.09999999999999882594, 18.00000000000000000 ) ) ;
#2117 = ORIENTED_EDGE ( 'NONE', *, *, #2425, .T. ) ;
#2118 = FACE_OUTER_BOUND ( 'NONE', #607, .T. ) ;
#2119 = DIRECTION ( 'NONE',  ( -0.000000000000000000, -0.000000000000000000, -1.000000000000000000 ) ) ;
#2120 = CARTESIAN_POINT ( 'NONE',  ( -11.00000000000000355, -99.03534722511957966, 14.90000000000000036 ) ) ;
#2121 = LINE ( 'NONE', #572, #925 ) ;
#2122 = CARTESIAN_POINT ( 'NONE',  ( 0.000000000000000000, 0.000000000000000000, -14.00000000000000000 ) ) ;
#2123 = ORIENTED_EDGE ( 'NONE', *, *, #735, .F. ) ;
#2124 = CARTESIAN_POINT ( 'NONE',  ( 96.15556281225838120, -0.1000000000000000056, 14.90000000000000036 ) ) ;
#2125 = FACE_OUTER_BOUND ( 'NONE', #1898, .T. ) ;
#2126 = ORIENTED_EDGE ( 'NONE', *, *, #471, .F. ) ;
#2127 = CARTESIAN_POINT ( 'NONE',  ( -9.500000000000001776, 3.000000000000000000, -13.39999999999999858 ) ) ;
#2128 = CARTESIAN_POINT ( 'NONE',  ( 14.00000000000000000, -14.00000000000000533, -7.999999999999998224 ) ) ;
#2129 = DIRECTION ( 'NONE',  ( 0.000000000000000000, 0.000000000000000000, 1.000000000000000000 ) ) ;
#2130 = ORIENTED_EDGE ( 'NONE', *, *, #2252, .T. ) ;
#2131 = CARTESIAN_POINT ( 'NONE',  ( 14.00000000000000000, -14.00000000000000533, 18.00000000000000000 ) ) ;
#2132 = EDGE_LOOP ( 'NONE', ( #2181, #1295, #814, #1293 ) ) ;
#2133 = AXIS2_PLACEMENT_3D ( 'NONE', #188, #1686, #417 ) ;
#2134 = CARTESIAN_POINT ( 'NONE',  ( -11.00000000000001066, -0.1000000000000000056, 14.90000000000000036 ) ) ;
#2135 = VECTOR ( 'NONE', #2077, 1000.000000000000000 ) ;
#2136 = DIRECTION ( 'NONE',  ( 0.000000000000000000, 0.000000000000000000, -1.000000000000000000 ) ) ;
#2137 = ORIENTED_EDGE ( 'NONE', *, *, #2365, .T. ) ;
#2138 = CARTESIAN_POINT ( 'NONE',  ( -9.500000000000001776, -99.03534722511957966, -18.00000000000000000 ) ) ;
#2139 = LINE ( 'NONE', #1008, #1215 ) ;
#2140 = ADVANCED_FACE ( 'NONE', ( #683 ), #100, .F. ) ;
#2141 = CARTESIAN_POINT ( 'NONE',  ( -17.00000000000000000, 3.000000000000000000, -18.00000000000000000 ) ) ;
#2142 = VECTOR ( 'NONE', #2223, 1000.000000000000000 ) ;
#2143 = ORIENTED_EDGE ( 'NONE', *, *, #2114, .F. ) ;
#2144 = LINE ( 'NONE', #113, #1386 ) ;
#2145 = EDGE_LOOP ( 'NONE', ( #1874, #112, #429, #1709 ) ) ;
#2146 = CYLINDRICAL_SURFACE ( 'NONE', #38, 3.099999999999998757 ) ;
#2147 = CYLINDRICAL_SURFACE ( 'NONE', #959, 1.199999999999999734 ) ;
#2148 = VECTOR ( 'NONE', #231, 1000.000000000000000 ) ;
#2149 = CARTESIAN_POINT ( 'NONE',  ( -13.99999999999960565, -7.000000000000000000, 3.970466792662529833E-13 ) ) ;
#2150 = LINE ( 'NONE', #1964, #147 ) ;
#2151 = EDGE_CURVE ( 'NONE', #534, #2394, #461, .T. ) ;
#2152 = AXIS2_PLACEMENT_3D ( 'NONE', #1937, #1725, #66 ) ;
#2153 = APPLICATION_CONTEXT ( 'automotive_design' ) ;
#2154 = DIRECTION ( 'NONE',  ( 0.000000000000000000, -1.000000000000000000, 0.000000000000000000 ) ) ;
#2155 = DIRECTION ( 'NONE',  ( -1.000000000000000000, 0.000000000000000000, 0.000000000000000000 ) ) ;
#2156 = ORIENTED_EDGE ( 'NONE', *, *, #832, .F. ) ;
#2157 = DIRECTION ( 'NONE',  ( -0.000000000000000000, 0.000000000000000000, -1.000000000000000000 ) ) ;
#2158 = EDGE_CURVE ( 'NONE', #1278, #1797, #987, .T. ) ;
#2159 = VERTEX_POINT ( 'NONE', #270 ) ;
#2160 = PLANE ( 'NONE',  #2173 ) ;
#2161 = DIRECTION ( 'NONE',  ( 1.000000000000000000, 0.000000000000000000, 0.000000000000000000 ) ) ;
#2162 = CYLINDRICAL_SURFACE ( 'NONE', #2189, 1.750000000000635270 ) ;
#2163 = EDGE_CURVE ( 'NONE', #2394, #2230, #2354, .T. ) ;
#2164 = DIRECTION ( 'NONE',  ( 1.000000000000000000, 0.000000000000000000, 0.000000000000000000 ) ) ;
#2165 = DIRECTION ( 'NONE',  ( 1.000000000000000000, 0.000000000000000000, 0.000000000000000000 ) ) ;
#2166 = DIRECTION ( 'NONE',  ( 1.000000000000000000, 0.000000000000000000, 0.000000000000000000 ) ) ;
#2167 = ORIENTED_EDGE ( 'NONE', *, *, #629, .F. ) ;
#2168 = CARTESIAN_POINT ( 'NONE',  ( 14.00000000000000000, -14.00000000000000533, 15.00000000000000000 ) ) ;
#2169 = ORIENTED_EDGE ( 'NONE', *, *, #629, .T. ) ;
#2170 = DIRECTION ( 'NONE',  ( -0.000000000000000000, 0.000000000000000000, -1.000000000000000000 ) ) ;
#2171 = DIRECTION ( 'NONE',  ( -1.000000000000000000, 0.000000000000000000, 0.000000000000000000 ) ) ;
#2172 = CARTESIAN_POINT ( 'NONE',  ( -17.00000000000000000, -16.99999999999999289, 15.00000000000000000 ) ) ;
#2173 = AXIS2_PLACEMENT_3D ( 'NONE', #40, #1356, #1217 ) ;
#2174 = FACE_BOUND ( 'NONE', #1774, .T. ) ;
#2175 = EDGE_CURVE ( 'NONE', #322, #1730, #36, .T. ) ;
#2176 = VECTOR ( 'NONE', #277, 1000.000000000000000 ) ;
#2177 = LINE ( 'NONE', #1221, #634 ) ;
#2178 = ORIENTED_EDGE ( 'NONE', *, *, #2367, .T. ) ;
#2179 = VECTOR ( 'NONE', #1839, 1000.000000000000000 ) ;
#2180 = CARTESIAN_POINT ( 'NONE',  ( -14.00000000000000178, -5.999999999999998224, 18.00000000000000000 ) ) ;
#2181 = ORIENTED_EDGE ( 'NONE', *, *, #1969, .F. ) ;
#2182 = CARTESIAN_POINT ( 'NONE',  ( 11.00000000000000355, -99.03534722511957966, -13.39999999999999858 ) ) ;
#2183 = ORIENTED_EDGE ( 'NONE', *, *, #149, .F. ) ;
#2184 = EDGE_CURVE ( 'NONE', #1946, #1694, #1494, .T. ) ;
#2185 = EDGE_CURVE ( 'NONE', #2220, #476, #2214, .T. ) ;
#2186 = VECTOR ( 'NONE', #725, 1000.000000000000000 ) ;
#2187 = MANIFOLD_SOLID_BREP ( 'º”π§-’€Õ‰1', #802 ) ;
#2188 = DIRECTION ( 'NONE',  ( -0.000000000000000000, 1.000000000000000000, -0.000000000000000000 ) ) ;
#2189 = AXIS2_PLACEMENT_3D ( 'NONE', #2149, #472, #2373 ) ;
#2190 = DIRECTION ( 'NONE',  ( 0.000000000000000000, 0.000000000000000000, 1.000000000000000000 ) ) ;
#2191 = CARTESIAN_POINT ( 'NONE',  ( 0.000000000000000000, 3.000000000000000000, -14.00000000000000000 ) ) ;
#2192 = VECTOR ( 'NONE', #187, 1000.000000000000000 ) ;
#2193 = VECTOR ( 'NONE', #1523, 1000.000000000000000 ) ;
#2194 = CARTESIAN_POINT ( 'NONE',  ( 0.000000000000000000, -99.03534722511957966, -13.39999999999999858 ) ) ;
#2195 = ORIENTED_EDGE ( 'NONE', *, *, #2367, .F. ) ;
#2196 = DIRECTION ( 'NONE',  ( 0.000000000000000000, 0.000000000000000000, -1.000000000000000000 ) ) ;
#2197 = CARTESIAN_POINT ( 'NONE',  ( 0.000000000000000000, -99.03534722511957966, 13.39999999999999858 ) ) ;
#2198 = ORIENTED_EDGE ( 'NONE', *, *, #427, .F. ) ;
#2199 = LINE ( 'NONE', #494, #1455 ) ;
#2200 = LINE ( 'NONE', #909, #702 ) ;
#2201 = EDGE_LOOP ( 'NONE', ( #1733, #1607 ) ) ;
#2202 = ORIENTED_EDGE ( 'NONE', *, *, #1203, .T. ) ;
#2203 = CARTESIAN_POINT ( 'NONE',  ( 2.143131898507867558E-16, 3.000000000000000000, -15.75000000000000000 ) ) ;
#2204 = ORIENTED_EDGE ( 'NONE', *, *, #206, .T. ) ;
#2205 = DIRECTION ( 'NONE',  ( 0.000000000000000000, 0.000000000000000000, -1.000000000000000000 ) ) ;
#2206 = CIRCLE ( 'NONE', #895, 1.199999999999999734 ) ;
#2207 = FACE_OUTER_BOUND ( 'NONE', #1080, .T. ) ;
#2208 = ORIENTED_EDGE ( 'NONE', *, *, #654, .T. ) ;
#2209 = EDGE_CURVE ( 'NONE', #2245, #576, #1405, .T. ) ;
#2210 = CARTESIAN_POINT ( 'NONE',  ( 15.19999999999999929, -14.00000000000000533, 15.00000000000000000 ) ) ;
#2211 = DIRECTION ( 'NONE',  ( 0.000000000000000000, -0.000000000000000000, -1.000000000000000000 ) ) ;
#2212 = ORIENTED_EDGE ( 'NONE', *, *, #2332, .T. ) ;
#2213 = EDGE_CURVE ( 'NONE', #1237, #1619, #609, .T. ) ;
#2214 = CIRCLE ( 'NONE', #1149, 0.09999999999999939493 ) ;
#2215 = CIRCLE ( 'NONE', #202, 1.199999999999999734 ) ;
#2216 = EDGE_CURVE ( 'NONE', #1492, #1385, #1610, .T. ) ;
#2217 = CARTESIAN_POINT ( 'NONE',  ( -9.500000000000001776, -0.000000000000000000, 0.000000000000000000 ) ) ;
#2218 = ORIENTED_EDGE ( 'NONE', *, *, #941, .T. ) ;
#2219 = DIRECTION ( 'NONE',  ( 0.000000000000000000, 0.000000000000000000, 1.000000000000000000 ) ) ;
#2220 = VERTEX_POINT ( 'NONE', #1352 ) ;
#2221 = AXIS2_PLACEMENT_3D ( 'NONE', #1193, #1005, #992 ) ;
#2222 = AXIS2_PLACEMENT_3D ( 'NONE', #1414, #1568, #1009 ) ;
#2223 = DIRECTION ( 'NONE',  ( -0.000000000000000000, 1.000000000000000000, -0.000000000000000000 ) ) ;
#2224 = CARTESIAN_POINT ( 'NONE',  ( 12.80000000000000249, -5.999999999999998224, -15.00000000000000000 ) ) ;
#2225 = VERTEX_POINT ( 'NONE', #2380 ) ;
#2226 = CARTESIAN_POINT ( 'NONE',  ( -17.00000000000000000, -17.00000000000000000, -18.00000000000000000 ) ) ;
#2227 = ORIENTED_EDGE ( 'NONE', *, *, #2184, .T. ) ;
#2228 = AXIS2_PLACEMENT_3D ( 'NONE', #1259, #1844, #2023 ) ;
#2229 = DIRECTION ( 'NONE',  ( 0.000000000000000000, 1.000000000000000000, 6.123233995736766036E-17 ) ) ;
#2230 = VERTEX_POINT ( 'NONE', #2116 ) ;
#2231 = LINE ( 'NONE', #1661, #1740 ) ;
#2232 = ORIENTED_EDGE ( 'NONE', *, *, #274, .F. ) ;
#2233 = CARTESIAN_POINT ( 'NONE',  ( 11.00000000000000000, -17.00000000000000711, -14.99999999999999822 ) ) ;
#2234 = EDGE_CURVE ( 'NONE', #1102, #708, #644, .T. ) ;
#2235 = ORIENTED_EDGE ( 'NONE', *, *, #1273, .F. ) ;
#2236 = EDGE_CURVE ( 'NONE', #695, #565, #1452, .T. ) ;
#2237 = DIRECTION ( 'NONE',  ( 0.000000000000000000, 0.000000000000000000, 1.000000000000000000 ) ) ;
#2238 = CYLINDRICAL_SURFACE ( 'NONE', #598, 1.199999999999999734 ) ;
#2239 = ORIENTED_EDGE ( 'NONE', *, *, #1072, .T. ) ;
#2240 = EDGE_CURVE ( 'NONE', #576, #439, #2076, .T. ) ;
#2241 = CARTESIAN_POINT ( 'NONE',  ( 0.000000000000000000, -99.03534722511957966, -13.39999999999999858 ) ) ;
#2242 = VERTEX_POINT ( 'NONE', #873 ) ;
#2243 = LINE ( 'NONE', #17, #2334 ) ;
#2244 = ORIENTED_EDGE ( 'NONE', *, *, #1137, .T. ) ;
#2245 = VERTEX_POINT ( 'NONE', #490 ) ;
#2246 = EDGE_CURVE ( 'NONE', #2230, #1631, #998, .T. ) ;
#2247 = CARTESIAN_POINT ( 'NONE',  ( 17.00000000000000000, 2.574980159653073031E-16, 14.90000000000000036 ) ) ;
#2248 = ORIENTED_EDGE ( 'NONE', *, *, #1307, .T. ) ;
#2249 = LINE ( 'NONE', #1091, #1992 ) ;
#2250 = EDGE_LOOP ( 'NONE', ( #2357, #1557, #823, #1274 ) ) ;
#2251 = CARTESIAN_POINT ( 'NONE',  ( 9.500000000000001776, 3.000000000000000000, 18.00000000000000000 ) ) ;
#2252 = EDGE_CURVE ( 'NONE', #75, #2245, #1505, .T. ) ;
#2253 = ORIENTED_EDGE ( 'NONE', *, *, #427, .T. ) ;
#2254 = DIRECTION ( 'NONE',  ( 0.000000000000000000, 0.000000000000000000, -1.000000000000000000 ) ) ;
#2255 = ORIENTED_EDGE ( 'NONE', *, *, #2114, .T. ) ;
#2256 = ORIENTED_EDGE ( 'NONE', *, *, #1209, .T. ) ;
#2257 = CYLINDRICAL_SURFACE ( 'NONE', #509, 1.750000000000849765 ) ;
#2258 = EDGE_LOOP ( 'NONE', ( #846, #1746, #647, #137 ) ) ;
#2259 = CARTESIAN_POINT ( 'NONE',  ( 11.00000000000000355, -0.1000000000000028644, -17.99999999999999645 ) ) ;
#2260 = ORIENTED_EDGE ( 'NONE', *, *, #816, .T. ) ;
#2261 = CARTESIAN_POINT ( 'NONE',  ( -11.00000000000000178, -17.00000000000000000, -18.00000000000000000 ) ) ;
#2262 = AXIS2_PLACEMENT_3D ( 'NONE', #1722, #822, #969 ) ;
#2263 = ORIENTED_EDGE ( 'NONE', *, *, #155, .T. ) ;
#2264 = CARTESIAN_POINT ( 'NONE',  ( -14.00000000000000355, -14.00000000000000533, -18.00000000000000000 ) ) ;
#2265 = ADVANCED_FACE ( 'NONE', ( #1622, #2390, #161 ), #146, .F. ) ;
#2266 = ORIENTED_EDGE ( 'NONE', *, *, #138, .T. ) ;
#2267 = ORIENTED_EDGE ( 'NONE', *, *, #1453, .F. ) ;
#2268 = DIRECTION ( 'NONE',  ( 0.000000000000000000, 0.000000000000000000, 1.000000000000000000 ) ) ;
#2269 = AXIS2_PLACEMENT_3D ( 'NONE', #319, #1467, #1833 ) ;
#2270 = DIRECTION ( 'NONE',  ( -1.000000000000000000, 0.000000000000000000, 0.000000000000000000 ) ) ;
#2272 = ADVANCED_FACE ( 'NONE', ( #1079, #1272, #1870, #1841, #2006, #1298 ), #1646, .T. ) ;
#2271 = CARTESIAN_POINT ( 'NONE',  ( -14.00000000000000355, -14.00000000000000533, -15.00000000000000000 ) ) ;
#2273 = ORIENTED_EDGE ( 'NONE', *, *, #832, .T. ) ;
#2274 = LINE ( 'NONE', #573, #1037 ) ;
#2275 = VECTOR ( 'NONE', #1932, 1000.000000000000000 ) ;
#2276 = EDGE_CURVE ( 'NONE', #944, #1647, #368, .T. ) ;
#2277 = DIRECTION ( 'NONE',  ( 0.000000000000000000, 0.000000000000000000, 1.000000000000000000 ) ) ;
#2278 = ORIENTED_EDGE ( 'NONE', *, *, #72, .F. ) ;
#2279 = ORIENTED_EDGE ( 'NONE', *, *, #30, .T. ) ;
#2280 = CARTESIAN_POINT ( 'NONE',  ( -15.20000000000000284, -14.00000000000000533, -18.00000000000000000 ) ) ;
#2281 = DIRECTION ( 'NONE',  ( 1.000000000000000000, 0.000000000000000000, 0.000000000000000000 ) ) ;
#2282 = DIRECTION ( 'NONE',  ( 1.000000000000000000, 0.000000000000000000, 0.000000000000000000 ) ) ;
#2283 = VERTEX_POINT ( 'NONE', #1488 ) ;
#2284 = DIRECTION ( 'NONE',  ( -1.000000000000000000, -0.000000000000000000, 6.902245402481583579E-16 ) ) ;
#2285 = CARTESIAN_POINT ( 'NONE',  ( -17.00000000000000000, -0.1000000000000000056, 14.90000000000000036 ) ) ;
#2286 = DIRECTION ( 'NONE',  ( -1.000000000000000000, 0.000000000000000000, 0.000000000000000000 ) ) ;
#2287 = EDGE_CURVE ( 'NONE', #1396, #75, #2032, .T. ) ;
#2288 = EDGE_LOOP ( 'NONE', ( #465, #1281, #2389, #514 ) ) ;
#2289 = AXIS2_PLACEMENT_3D ( 'NONE', #1251, #1051, #2001 ) ;
#2290 = CARTESIAN_POINT ( 'NONE',  ( 3.469446951953614189E-15, 3.000000000000000000, 3.469446951953614189E-15 ) ) ;
#2291 = PLANE ( 'NONE',  #1715 ) ;
#2292 = DIRECTION ( 'NONE',  ( 1.000000000000000000, 0.000000000000000000, 0.000000000000000000 ) ) ;
#2293 = CARTESIAN_POINT ( 'NONE',  ( 14.00000000000039613, 0.000000000000000000, 1.749999999999913625 ) ) ;
#2294 = ORIENTED_EDGE ( 'NONE', *, *, #471, .T. ) ;
#2295 = CARTESIAN_POINT ( 'NONE',  ( -15.20000000000000107, -5.999999999999998224, 15.00000000000000000 ) ) ;
#2296 = EDGE_LOOP ( 'NONE', ( #2055, #1334, #1586, #1783 ) ) ;
#2297 = EDGE_CURVE ( 'NONE', #1808, #842, #2249, .T. ) ;
#2298 = DIRECTION ( 'NONE',  ( -0.000000000000000000, 1.000000000000000000, -0.000000000000000000 ) ) ;
#2299 = VECTOR ( 'NONE', #1837, 1000.000000000000000 ) ;
#2300 =( NAMED_UNIT ( * ) PLANE_ANGLE_UNIT ( ) SI_UNIT ( $, .RADIAN. ) );
#2301 = ORIENTED_EDGE ( 'NONE', *, *, #1354, .F. ) ;
#2302 = VECTOR ( 'NONE', #1126, 1000.000000000000000 ) ;
#2303 = VECTOR ( 'NONE', #999, 1000.000000000000000 ) ;
#2304 = FACE_OUTER_BOUND ( 'NONE', #561, .T. ) ;
#2305 = DIRECTION ( 'NONE',  ( 0.000000000000000000, 0.000000000000000000, 1.000000000000000000 ) ) ;
#2306 = PLANE ( 'NONE',  #825 ) ;
#2307 = DIRECTION ( 'NONE',  ( 0.000000000000000000, 1.000000000000000000, 0.000000000000000000 ) ) ;
#2308 = PRODUCT_DEFINITION_CONTEXT ( 'detailed design', #2153, 'design' ) ;
#2309 = EDGE_CURVE ( 'NONE', #2003, #2327, #1318, .T. ) ;
#2310 = DIRECTION ( 'NONE',  ( 0.000000000000000000, 0.000000000000000000, -1.000000000000000000 ) ) ;
#2311 = VECTOR ( 'NONE', #1531, 1000.000000000000000 ) ;
#2312 = VECTOR ( 'NONE', #2270, 1000.000000000000000 ) ;
#2313 = VERTEX_POINT ( 'NONE', #1118 ) ;
#2314 = CARTESIAN_POINT ( 'NONE',  ( 14.00000000000039613, 0.000000000000000000, -1.750000000000704325 ) ) ;
#2315 = FACE_OUTER_BOUND ( 'NONE', #101, .T. ) ;
#2316 = DIRECTION ( 'NONE',  ( 0.000000000000000000, 1.000000000000000000, 0.000000000000000000 ) ) ;
#2317 = EDGE_CURVE ( 'NONE', #189, #708, #359, .T. ) ;
#2318 = CARTESIAN_POINT ( 'NONE',  ( -11.00000000000000355, -99.03534722511957966, -14.90000000000000036 ) ) ;
#2319 = VERTEX_POINT ( 'NONE', #2020 ) ;
#2320 = ORIENTED_EDGE ( 'NONE', *, *, #19, .F. ) ;
#2321 = ADVANCED_FACE ( 'NONE', ( #121 ), #696, .T. ) ;
#2322 = DIRECTION ( 'NONE',  ( 1.000000000000000000, 0.000000000000000000, 0.000000000000000000 ) ) ;
#2323 = LINE ( 'NONE', #18, #1628 ) ;
#2324 = CARTESIAN_POINT ( 'NONE',  ( -11.00000000000000355, -99.03534722511957966, 0.000000000000000000 ) ) ;
#2325 = DIRECTION ( 'NONE',  ( -0.000000000000000000, 1.000000000000000000, -0.000000000000000000 ) ) ;
#2326 = CARTESIAN_POINT ( 'NONE',  ( 7.908786606847440617E-13, 0.000000000000000000, 12.24999999999915090 ) ) ;
#2327 = VERTEX_POINT ( 'NONE', #503 ) ;
#2328 = PLANE ( 'NONE',  #562 ) ;
#2329 = EDGE_LOOP ( 'NONE', ( #1090, #1861, #1054, #1481 ) ) ;
#2330 = VECTOR ( 'NONE', #1585, 1000.000000000000000 ) ;
#2331 = VECTOR ( 'NONE', #778, 1000.000000000000000 ) ;
#2332 = EDGE_CURVE ( 'NONE', #2387, #1826, #1442, .T. ) ;
#2333 = CARTESIAN_POINT ( 'NONE',  ( 3.469446951953614189E-15, 3.000000000000000000, 3.469446951953614189E-15 ) ) ;
#2334 = VECTOR ( 'NONE', #2080, 1000.000000000000000 ) ;
#2335 = CARTESIAN_POINT ( 'NONE',  ( -15.20000000000000284, -14.00000000000000533, 18.00000000000000000 ) ) ;
#2336 = VECTOR ( 'NONE', #1958, 1000.000000000000000 ) ;
#2337 = AXIS2_PLACEMENT_3D ( 'NONE', #1807, #883, #543 ) ;
#2338 = FACE_OUTER_BOUND ( 'NONE', #1850, .T. ) ;
#2339 = EDGE_CURVE ( 'NONE', #1619, #134, #2414, .T. ) ;
#2340 = DIRECTION ( 'NONE',  ( 0.000000000000000000, 0.000000000000000000, -1.000000000000000000 ) ) ;
#2341 = DIRECTION ( 'NONE',  ( 1.000000000000000000, 0.000000000000000000, 0.000000000000000000 ) ) ;
#2342 = VECTOR ( 'NONE', #148, 1000.000000000000000 ) ;
#2343 = ORIENTED_EDGE ( 'NONE', *, *, #1320, .T. ) ;
#2344 = CYLINDRICAL_SURFACE ( 'NONE', #45, 0.09999999999999939493 ) ;
#2345 = VERTEX_POINT ( 'NONE', #734 ) ;
#2346 = EDGE_CURVE ( 'NONE', #1239, #1635, #1477, .T. ) ;
#2347 = FACE_OUTER_BOUND ( 'NONE', #22, .T. ) ;
#2348 = PLANE ( 'NONE',  #1164 ) ;
#2349 = AXIS2_PLACEMENT_3D ( 'NONE', #190, #2284, #940 ) ;
#2350 = DIRECTION ( 'NONE',  ( 0.000000000000000000, 0.000000000000000000, -1.000000000000000000 ) ) ;
#2351 = DIRECTION ( 'NONE',  ( 1.000000000000000000, 0.000000000000000000, 0.000000000000000000 ) ) ;
#2352 = EDGE_CURVE ( 'NONE', #1239, #1237, #953, .T. ) ;
#2353 = FACE_OUTER_BOUND ( 'NONE', #2288, .T. ) ;
#2354 = LINE ( 'NONE', #1597, #239 ) ;
#2355 = ORIENTED_EDGE ( 'NONE', *, *, #1726, .F. ) ;
#2356 = FACE_BOUND ( 'NONE', #2201, .T. ) ;
#2357 = ORIENTED_EDGE ( 'NONE', *, *, #318, .T. ) ;
#2358 = FACE_BOUND ( 'NONE', #1813, .T. ) ;
#2359 = ADVANCED_FACE ( 'NONE', ( #1702 ), #1881, .F. ) ;
#2360 = CARTESIAN_POINT ( 'NONE',  ( -14.00000000000000178, -5.999999999999998224, -7.999999999999998224 ) ) ;
#2361 = DIRECTION ( 'NONE',  ( -1.000000000000000000, 0.000000000000000000, 0.000000000000000000 ) ) ;
#2362 = DIRECTION ( 'NONE',  ( -1.000000000000000000, 0.000000000000000000, 0.000000000000000000 ) ) ;
#2363 = ORIENTED_EDGE ( 'NONE', *, *, #1821, .T. ) ;
#2364 = FILL_AREA_STYLE_COLOUR ( '', #430 ) ;
#2365 = EDGE_CURVE ( 'NONE', #60, #1655, #771, .T. ) ;
#2366 = VERTEX_POINT ( 'NONE', #1312 ) ;
#2367 = EDGE_CURVE ( 'NONE', #1288, #215, #977, .T. ) ;
#2368 = DIRECTION ( 'NONE',  ( -1.000000000000000000, 0.000000000000000000, 0.000000000000000000 ) ) ;
#2369 = ORIENTED_EDGE ( 'NONE', *, *, #1381, .F. ) ;
#2370 = PLANE ( 'NONE',  #158 ) ;
#2371 = FACE_OUTER_BOUND ( 'NONE', #413, .T. ) ;
#2372 = ORIENTED_EDGE ( 'NONE', *, *, #2008, .T. ) ;
#2373 = DIRECTION ( 'NONE',  ( 0.000000000000000000, 0.000000000000000000, 1.000000000000000000 ) ) ;
#2374 = AXIS2_PLACEMENT_3D ( 'NONE', #2134, #1389, #242 ) ;
#2375 = FACE_BOUND ( 'NONE', #731, .T. ) ;
#2376 = APPLICATION_CONTEXT ( 'automotive_design' ) ;
#2377 = DIRECTION ( 'NONE',  ( -1.000000000000000000, 0.000000000000000000, 0.000000000000000000 ) ) ;
#2378 = EDGE_LOOP ( 'NONE', ( #154, #2031, #2, #1679 ) ) ;
#2379 = VECTOR ( 'NONE', #1139, 1000.000000000000000 ) ;
#2380 = CARTESIAN_POINT ( 'NONE',  ( 3.469446951953614189E-15, 3.000000000000000000, -11.49999999999999645 ) ) ;
#2381 = CARTESIAN_POINT ( 'NONE',  ( 0.000000000000000000, 3.000000000000000000, -12.25000000000000000 ) ) ;
#2382 = ORIENTED_EDGE ( 'NONE', *, *, #2158, .T. ) ;
#2383 = DIRECTION ( 'NONE',  ( 0.000000000000000000, 0.000000000000000000, -1.000000000000000000 ) ) ;
#2384 = VECTOR ( 'NONE', #1196, 1000.000000000000000 ) ;
#2385 = CARTESIAN_POINT ( 'NONE',  ( -9.500000000000001776, 3.000000000000000000, 13.39999999999999858 ) ) ;
#2386 = VECTOR ( 'NONE', #382, 1000.000000000000000 ) ;
#2387 = VERTEX_POINT ( 'NONE', #1347 ) ;
#2388 = LINE ( 'NONE', #2217, #2179 ) ;
#2389 = ORIENTED_EDGE ( 'NONE', *, *, #2151, .T. ) ;
#2390 = FACE_BOUND ( 'NONE', #1341, .T. ) ;
#2391 = EDGE_CURVE ( 'NONE', #491, #1108, #803, .T. ) ;
#2392 = VERTEX_POINT ( 'NONE', #985 ) ;
#2393 = DIRECTION ( 'NONE',  ( -0.000000000000000000, -0.000000000000000000, 1.000000000000000000 ) ) ;
#2394 = VERTEX_POINT ( 'NONE', #1169 ) ;
#2395 = CARTESIAN_POINT ( 'NONE',  ( -17.00000000000000000, -0.09999999999999939493, 17.99999999999999645 ) ) ;
#2396 = EDGE_LOOP ( 'NONE', ( #1191, #645 ) ) ;
#2397 = EDGE_CURVE ( 'NONE', #661, #1492, #966, .T. ) ;
#2398 = FACE_BOUND ( 'NONE', #485, .T. ) ;
#2399 = EDGE_LOOP ( 'NONE', ( #337, #704, #1451, #1216 ) ) ;
#2400 = CARTESIAN_POINT ( 'NONE',  ( 15.20000000000000107, -5.999999999999998224, 18.00000000000000000 ) ) ;
#2401 = ORIENTED_EDGE ( 'NONE', *, *, #1772, .F. ) ;
#2402 = DIRECTION ( 'NONE',  ( -0.000000000000000000, 1.000000000000000000, -0.000000000000000000 ) ) ;
#2403 = ORIENTED_EDGE ( 'NONE', *, *, #1161, .F. ) ;
#2404 = AXIS2_PLACEMENT_3D ( 'NONE', #1403, #809, #459 ) ;
#2405 = CARTESIAN_POINT ( 'NONE',  ( -9.500000000000001776, 3.000000000000000000, 18.00000000000000000 ) ) ;
#2406 = ORIENTED_EDGE ( 'NONE', *, *, #1552, .T. ) ;
#2407 = FACE_BOUND ( 'NONE', #365, .T. ) ;
#2408 = EDGE_CURVE ( 'NONE', #2392, #729, #2121, .T. ) ;
#2409 = DIRECTION ( 'NONE',  ( -1.000000000000000000, 0.000000000000000000, 0.000000000000000000 ) ) ;
#2410 = ORIENTED_EDGE ( 'NONE', *, *, #2287, .T. ) ;
#2411 = CIRCLE ( 'NONE', #1936, 1.199999999999999734 ) ;
#2412 = DIRECTION ( 'NONE',  ( 0.000000000000000000, 1.000000000000000000, 0.000000000000000000 ) ) ;
#2413 = ORIENTED_EDGE ( 'NONE', *, *, #1957, .F. ) ;
#2414 = LINE ( 'NONE', #721, #1393 ) ;
#2415 = ORIENTED_EDGE ( 'NONE', *, *, #1732, .F. ) ;
#2416 = VECTOR ( 'NONE', #390, 1000.000000000000000 ) ;
#2417 = ADVANCED_FACE ( 'NONE', ( #1131 ), #1921, .F. ) ;
#2418 = VECTOR ( 'NONE', #2129, 1000.000000000000000 ) ;
#2419 = PLANE ( 'NONE',  #1313 ) ;
#2420 = DIRECTION ( 'NONE',  ( 1.000000000000000000, 0.000000000000000000, 0.000000000000000000 ) ) ;
#2421 = ORIENTED_EDGE ( 'NONE', *, *, #2391, .F. ) ;
#2422 = CARTESIAN_POINT ( 'NONE',  ( 17.00000000000000000, -99.03534722511957966, 14.90000000000000036 ) ) ;
#2423 = ORIENTED_EDGE ( 'NONE', *, *, #891, .T. ) ;
#2424 = CIRCLE ( 'NONE', #5, 1.199999999999999734 ) ;
#2425 = EDGE_CURVE ( 'NONE', #60, #1195, #1325, .T. ) ;
#2426 = VECTOR ( 'NONE', #1922, 1000.000000000000000 ) ;
#2427 = ORIENTED_EDGE ( 'NONE', *, *, #1882, .T. ) ;
#2428 = CARTESIAN_POINT ( 'NONE',  ( 0.000000000000000000, 3.000000000000000000, 0.000000000000000000 ) ) ;
#2429 = AXIS2_PLACEMENT_3D ( 'NONE', #1138, #1889, #7 ) ;
#2430 = CIRCLE ( 'NONE', #2113, 1.199999999999999734 ) ;
#2431 = PLANE ( 'NONE',  #1265 ) ;
#2432 = ORIENTED_EDGE ( 'NONE', *, *, #1361, .F. ) ;
#2433 = EDGE_CURVE ( 'NONE', #564, #1694, #237, .T. ) ;
#2434 = DIRECTION ( 'NONE',  ( 0.000000000000000000, 0.000000000000000000, 1.000000000000000000 ) ) ;
#2435 = VERTEX_POINT ( 'NONE', #10 ) ;
#2436 = PLANE ( 'NONE',  #124 ) ;
#2437 = DIRECTION ( 'NONE',  ( -1.000000000000000000, 1.020425574104004246E-16, 0.000000000000000000 ) ) ;
#2438 = ORIENTED_EDGE ( 'NONE', *, *, #974, .F. ) ;
#2439 = FACE_OUTER_BOUND ( 'NONE', #370, .T. ) ;
#2440 = ORIENTED_EDGE ( 'NONE', *, *, #1203, .F. ) ;
#2441 = ORIENTED_EDGE ( 'NONE', *, *, #1020, .F. ) ;
#2442 = FACE_OUTER_BOUND ( 'NONE', #1262, .T. ) ;
#2443 = VERTEX_POINT ( 'NONE', #2295 ) ;
#2444 = LINE ( 'NONE', #2259, #1569 ) ;
#2445 = VERTEX_POINT ( 'NONE', #1719 ) ;
#2446 = DIRECTION ( 'NONE',  ( 0.000000000000000000, -0.000000000000000000, -1.000000000000000000 ) ) ;
#2447 = ADVANCED_FACE ( 'NONE', ( #47 ), #1156, .T. ) ;
#2448 = CARTESIAN_POINT ( 'NONE',  ( -17.00000000000000000, 3.000000000000000000, 15.00000000000000000 ) ) ;
#2449 = EDGE_CURVE ( 'NONE', #728, #1092, #1873, .T. ) ;
#2450 = ORIENTED_EDGE ( 'NONE', *, *, #1627, .T. ) ;
#2451 = CARTESIAN_POINT ( 'NONE',  ( -17.00000000000000000, 0.000000000000000000, -14.90000000000000036 ) ) ;
#2452 = ORIENTED_EDGE ( 'NONE', *, *, #1882, .F. ) ;
#2453 = ORIENTED_EDGE ( 'NONE', *, *, #268, .T. ) ;
#2454 = ADVANCED_FACE ( 'NONE', ( #408 ), #33, .F. ) ;
#2455 = DIRECTION ( 'NONE',  ( 0.000000000000000000, 1.000000000000000000, 6.123233995736766036E-17 ) ) ;
#2456 = FACE_OUTER_BOUND ( 'NONE', #375, .T. ) ;
#2457 = CARTESIAN_POINT ( 'NONE',  ( -12.80000000000000426, -14.00000000000000533, 15.00000000000000000 ) ) ;
#2458 = VERTEX_POINT ( 'NONE', #800 ) ;
#2459 = AXIS2_PLACEMENT_3D ( 'NONE', #2095, #1310, #570 ) ;
#2460 = DIRECTION ( 'NONE',  ( 0.000000000000000000, 0.000000000000000000, -1.000000000000000000 ) ) ;
#2461 = AXIS2_PLACEMENT_3D ( 'NONE', #1491, #741, #2286 ) ;
ENDSEC;
END-ISO-10303-21;
